Code de la région	Libellé de la région	Code du département	Libellé du  département	Code de la collectivité à statut particulier	Libellé de la collectivité à statut particulier	Code de la section - collectivité à statut particulier	Libellé de la section - collectivité à statut particulier	Code de la circonscription métropolitaine	Libellé de la circonscription métropolitaine	Nom de l'élu	Prénom de l'élu	Code sexe	Date de naissance	Code de la catégorie socio-professionnelle	Libellé de la catégorie socio-professionnelle	Date de début du mandat	Libellé de la fonction	Date de début de la fonction
				975	Saint-Pierre-Et-Miquelon					BEAUPERTUIS	Joane	F	16/07/1961	143	Enseignant 1er deg.-directeur école (obsolète)	19/03/2017		
				975	Saint-Pierre-Et-Miquelon					BRIAND	Bernard	M	05/07/1974	143	Enseignant 1er deg.-directeur école (obsolète)	19/03/2017	Président de l'assemblée	13/10/2020
				975	Saint-Pierre-Et-Miquelon					DAGORT	Jean-Louis	M	28/03/1964	149	Fonctionnaire de catégorie C (obsolète)	19/03/2017	Membre de l'organe exécutif	24/10/2017
				975	Saint-Pierre-Et-Miquelon					DE ARBURN	Catherine	F	26/04/1966	120	Employé (secteur privé) (obsolète)	19/03/2017	Vice-président de l'organe éxécutif	24/10/2017
				975	Saint-Pierre-Et-Miquelon					DESDOUETS	Jean-Yves	M	28/03/1967	148	Fonctionnaire de catégorie B (obsolète)	19/03/2017	Vice-président de l'organe éxécutif	19/03/2017
				975	Saint-Pierre-Et-Miquelon					DETCHEVERRY	Olivier	M	27/02/1969	109	Commercant (obsolète)	19/03/2017	Vice-président de l'organe éxécutif	19/03/2017
				975	Saint-Pierre-Et-Miquelon					HELENE	Catherine	F	27/03/1970	123	Salarié du secteur médical (obsolète)	19/03/2017	Vice-président de l'organe éxécutif	19/03/2017
				975	Saint-Pierre-Et-Miquelon					LEBAILLY	Jean-Pierre	M	15/02/1959	114	Agent technique et technicien (obsolète)	19/03/2017		
				975	Saint-Pierre-Et-Miquelon					LEMOINE	Claude	M	03/07/1984	149	Fonctionnaire de catégorie C (obsolète)	19/03/2017	Vice-président de l'organe éxécutif	13/10/2020
				975	Saint-Pierre-Et-Miquelon					LENORMAND	Stéphane	M	13/08/1964	142	Professeur du secondaire et techn. (obsolète)	19/03/2017	Autre membre	13/10/2020
				975	Saint-Pierre-Et-Miquelon					PERRIN	Valérie	F	14/01/1966	120	Employé (secteur privé) (obsolète)	19/03/2017		
				975	Saint-Pierre-Et-Miquelon					REARDON	Matthew	M	01/07/1983	129	Avocat (obsolète)	19/03/2017		
				975	Saint-Pierre-Et-Miquelon					SABAROTS	Virginie	F	21/01/1980	149	Fonctionnaire de catégorie C (obsolète)	19/03/2017		
				975	Saint-Pierre-Et-Miquelon					SKINNER	Sandy	F	02/11/1988	123	Salarié du secteur médical (obsolète)	19/03/2017		
				975	Saint-Pierre-Et-Miquelon					VIGNEAU-URTIZBEREA	Tatiana	F	26/05/1969	147	Fonctionnaire de catégorie A (obsolète)	19/03/2017	Membre de l'organe exécutif	19/03/2017
				975	Saint-Pierre-Et-Miquelon					VIGNEAUX	Claire	F	21/12/1985	120	Employé (secteur privé) (obsolète)	19/03/2017		
				987	Polynésie Française					AMARU	Patricia	F	28/01/1952	42	Professeur des écoles, instituteur et assimilé	07/05/2018		
				987	Polynésie Française					ARO	Dylma	F	05/01/1954	77	Ancien employé	07/05/2018		
				987	Polynésie Française					ATGER-HOI	Teumere	F	24/12/1966	109	Commercant (obsolète)	07/05/2018		
				987	Polynésie Française					BROTHERSON	Moetai	M	22/10/1969	120	Employé (secteur privé) (obsolète)	07/05/2018		
				987	Polynésie Française					BRUANT	Virginie	F	28/11/1979	46	Profession intermédiaire administrative et commerciale des entreprises	07/05/2018		
				987	Polynésie Française					BUILLARD	Michel	M	09/09/1950	33	Cadre de la fonction publique	07/05/2018		
				987	Polynésie Française					BUTCHER	Yseult	F	04/03/1968	22	Commerçant et assimilé	07/05/2018		
				987	Polynésie Française					CROSS	Valentina	F	03/06/1964	156	Autre profession (obsolète)	07/05/2018		
				987	Polynésie Française					FAATAU	Luc	M	20/10/1959	33	Cadre de la fonction publique	23/05/2018		
				987	Polynésie Française					FLOHR	Henri	M	04/01/1952	77	Ancien employé	07/05/2018		
				987	Polynésie Française					FREBAULT	Angélo	M	18/11/1955	165	Autre retraité (obsolète)	07/05/2018		
				987	Polynésie Française					GALENON	Minarii	F	13/02/1956	156	Autre profession (obsolète)	07/05/2018		
				987	Polynésie Française					GEROS	Antony Daniel Teva	M	22/07/1956	21	Artisan	07/05/2018		
				987	Polynésie Française					HARUA	Monette	F	15/04/1957	33	Cadre de la fonction publique	23/05/2018		
				987	Polynésie Française					HEAUX	James	M	12/03/1984	137	Journaliste et autre média (obsolète)	07/05/2018		
				987	Polynésie Française					KAUTAI	Benoît	M	28/11/1960	77	Ancien employé	07/05/2018		
				987	Polynésie Française					LAUREY	Nuihau	M	29/12/1964	119	Autre cadre (secteur privé) (obsolète)	07/05/2018		
				987	Polynésie Française					LE GAYIC	Vaitea	F	13/10/1971	157	Sans profession déclarée (obsolète)	07/05/2018		
				987	Polynésie Française					LISAN	Marcelin Dit Titi	M	15/02/1960	23	Chef d'entreprise de 10 salariés ou plus	07/05/2018		
				987	Polynésie Française					LUCAS	Béatrice	F	01/03/1951	77	Ancien employé	07/05/2018		
				987	Polynésie Française					MARAEURA	Teina	M	11/08/1950	85	Personne diverse sans activité professionnelle de moins de 60 ans (sauf retraité)	07/05/2018		
				987	Polynésie Française					MATEHAU ÉPSE NUUPURE	Juliette	F	21/01/1955	156	Autre profession (obsolète)	07/05/2018		
				987	Polynésie Française					MERCIER	Cécile	F	22/11/1960	148	Fonctionnaire de catégorie B (obsolète)	27/10/2018		
				987	Polynésie Française					MOUTAME	Thomas	M	22/05/1958	74	Ancien cadre	07/05/2018		
				987	Polynésie Française					NATUA	Bernard	M	26/10/1965	104	Marin (salarié) (obsolète)	07/05/2018		
				987	Polynésie Française					PERRY-FRIEDMAN	Vaiata	F	10/10/1961	156	Autre profession (obsolète)	07/05/2018		
				987	Polynésie Française					PUHETINI	Sylvana	F	10/11/1962	43	Profession intermédiaire de la santé et du travail social	07/05/2018		
				987	Polynésie Française					RAUZY ÉPSE FREBAULT	Joëlle	F	07/08/1964	77	Ancien employé	07/05/2018		
				987	Polynésie Française					RIVETA	Frédéric	M	19/07/1954	74	Ancien cadre	07/05/2018		
				987	Polynésie Française					SALMON	Geffry	M	05/06/1952	165	Autre retraité (obsolète)	07/05/2018		
				987	Polynésie Française					SANQUER	Nicole	F	16/06/1972	42	Professeur des écoles, instituteur et assimilé	07/05/2018		
				987	Polynésie Française					SCHYLE	Philip	M	15/09/1962	34	Professeur, profession scientifique	07/05/2018		
				987	Polynésie Française					TAAE	Putai	M	13/08/1961	157	Sans profession déclarée (obsolète)	07/05/2018		
				987	Polynésie Française					TAHIATA	Fernand	M	18/02/1967	52	Employé civil et agent de service de la fonction publique	07/05/2018		
				987	Polynésie Française					TAHIATA	Romilda	F	17/04/1978	143	Enseignant 1er deg.-directeur école (obsolète)	07/05/2018		
				987	Polynésie Française					TAHUHUTERANI	Louisa	F	18/09/1977	11	Agriculteur sur petite exploitation	07/05/2018		
				987	Polynésie Française					TARAHU ATUAHIVA	Teura	F	22/02/1965	77	Ancien employé	07/05/2018		
				987	Polynésie Française					TEAPIKI ÉPSE TEAKAROTU	Joséphine	F	22/07/1969	101	Agriculteur propriétaire exploit. (obsolète)	07/05/2018		
				987	Polynésie Française					TEHAAMOANA	Etienne	M	21/04/1961	52	Employé civil et agent de service de la fonction publique	07/05/2018		
				987	Polynésie Française					TERIITAHI	Tepuaraurii	F	01/12/1977	149	Fonctionnaire de catégorie C (obsolète)	07/05/2018		
				987	Polynésie Française					TEROOATEA	Sylviane	F	13/10/1966	74	Ancien cadre	07/05/2018		
				987	Polynésie Française					TETUANUI	Lana	F	23/02/1970	45	Profession intermédiaire administrative de la fonction publique	07/05/2018		
				987	Polynésie Française					TEVAHITUA	Eliane	F	23/07/1958	156	Autre profession (obsolète)	07/05/2018		
				987	Polynésie Française					TINIRAU EPOUSE TEAHE	Teapehu	F	09/11/1965	85	Personne diverse sans activité professionnelle de moins de 60 ans (sauf retraité)	07/05/2018		
				987	Polynésie Française					TOKORAGI	Félix	M	27/03/1984	85	Personne diverse sans activité professionnelle de moins de 60 ans (sauf retraité)	07/05/2018		
				987	Polynésie Française					TONG SANG	Gaston	M	07/08/1949	86	Personne diverse sans activité professionnelle de 60 ans et plus (sauf retraité)	07/05/2018		
				987	Polynésie Française					TOROMONA	John	M	09/04/1962	42	Professeur des écoles, instituteur et assimilé	07/05/2018		
				987	Polynésie Française					TUHEIAVA	Richard	M	28/02/1974	156	Autre profession (obsolète)	07/05/2018		
				987	Polynésie Française					TUPANA	Moihara	F	17/01/1982	33	Cadre de la fonction publique	23/05/2018		
				987	Polynésie Française					TUUHIA	Augustine	F	01/11/1952	77	Ancien employé	07/05/2018		
84	Auvergne-Rhône-Alpes	69	Rhône	69M	Métropole De Lyon			MPLY-01	Lones Et Coteaux	BUB	Jérôme	M	01/06/1972	46	Profession intermédiaire administrative et commerciale des entreprises	28/06/2020		
84	Auvergne-Rhône-Alpes	69	Rhône	69M	Métropole De Lyon			MPLY-01	Lones Et Coteaux	BUFFET	François-Noël	M	28/08/1963	31	Profession libérale	28/06/2020		
84	Auvergne-Rhône-Alpes	69	Rhône	69M	Métropole De Lyon			MPLY-01	Lones Et Coteaux	CHARNAY	Christiane	F	20/01/1956	74	Ancien cadre	28/06/2020		
84	Auvergne-Rhône-Alpes	69	Rhône	69M	Métropole De Lyon			MPLY-01	Lones Et Coteaux	DA PASSANO	Jean-Luc	M	14/04/1949	22	Commerçant et assimilé	28/06/2020		
84	Auvergne-Rhône-Alpes	69	Rhône	69M	Métropole De Lyon			MPLY-01	Lones Et Coteaux	DIOP	Moussa	M	22/10/1951	77	Ancien employé	28/06/2020		
84	Auvergne-Rhône-Alpes	69	Rhône	69M	Métropole De Lyon			MPLY-01	Lones Et Coteaux	FRETY-PERRIER	Laurence	F	30/04/1976	33	Cadre de la fonction publique	28/06/2020		
84	Auvergne-Rhône-Alpes	69	Rhône	69M	Métropole De Lyon			MPLY-01	Lones Et Coteaux	GROSPERRIN	Anne	F	19/05/1959	35	Profession de l'information, des arts et des spectacles	28/06/2020	Vice-président de l'assemblée	02/07/2020
84	Auvergne-Rhône-Alpes	69	Rhône	69M	Métropole De Lyon			MPLY-01	Lones Et Coteaux	JANNOT	Brigitte	F	25/04/1958	42	Professeur des écoles, instituteur et assimilé	28/06/2020		
84	Auvergne-Rhône-Alpes	69	Rhône	69M	Métropole De Lyon			MPLY-01	Lones Et Coteaux	KOHLHAAS	Jean-Charles	M	29/09/1964	31	Profession libérale	28/06/2020	Vice-président de l'assemblée	02/07/2020
84	Auvergne-Rhône-Alpes	69	Rhône	69M	Métropole De Lyon			MPLY-01	Lones Et Coteaux	PEREZ	Eric	M	16/12/1980	33	Cadre de la fonction publique	28/06/2020		
84	Auvergne-Rhône-Alpes	69	Rhône	69M	Métropole De Lyon			MPLY-01	Lones Et Coteaux	POUZERGUE	Clotilde	F	06/01/1967	42	Professeur des écoles, instituteur et assimilé	28/06/2020		
84	Auvergne-Rhône-Alpes	69	Rhône	69M	Métropole De Lyon			MPLY-01	Lones Et Coteaux	SECHAUD	Joëlle	F	04/10/1957	34	Professeur, profession scientifique	28/06/2020		
84	Auvergne-Rhône-Alpes	69	Rhône	69M	Métropole De Lyon			MPLY-02	Lyon-Ouest	ARTIGNY	Bertrand	M	06/01/1961	38	Ingénieur et cadre technique d'entreprise	28/06/2020	Vice-président de l'assemblée	02/07/2020
84	Auvergne-Rhône-Alpes	69	Rhône	69M	Métropole De Lyon			MPLY-02	Lyon-Ouest	AUGEY	Camille	F	22/03/1991	22	Commerçant et assimilé	28/06/2020		
84	Auvergne-Rhône-Alpes	69	Rhône	69M	Métropole De Lyon			MPLY-02	Lyon-Ouest	BENAHMED	Fatiha	F	06/03/1963	46	Profession intermédiaire administrative et commerciale des entreprises	28/06/2020		
84	Auvergne-Rhône-Alpes	69	Rhône	69M	Métropole De Lyon			MPLY-02	Lyon-Ouest	BLANCHARD	Pascal	M	06/03/1962	31	Profession libérale	28/06/2020	Vice-président de l'assemblée	02/07/2020
84	Auvergne-Rhône-Alpes	69	Rhône	69M	Métropole De Lyon			MPLY-02	Lyon-Ouest	COLLOMB	Gérard	M	20/06/1947	74	Ancien cadre	28/06/2020		
84	Auvergne-Rhône-Alpes	69	Rhône	69M	Métropole De Lyon			MPLY-02	Lyon-Ouest	DEBÛ	Raphaël	M	31/10/1981	37	Cadre administratif et commercial d'entreprise	28/06/2020		
84	Auvergne-Rhône-Alpes	69	Rhône	69M	Métropole De Lyon			MPLY-02	Lyon-Ouest	GEORGEL	Nadine	F	21/05/1977	31	Profession libérale	28/06/2020		
84	Auvergne-Rhône-Alpes	69	Rhône	69M	Métropole De Lyon			MPLY-02	Lyon-Ouest	POPOFF	Sophia	F	15/08/1988	37	Cadre administratif et commercial d'entreprise	28/06/2020		
84	Auvergne-Rhône-Alpes	69	Rhône	69M	Métropole De Lyon			MPLY-02	Lyon-Ouest	PORTIER	Elie	M	26/01/1988	33	Cadre de la fonction publique	28/06/2020		
84	Auvergne-Rhône-Alpes	69	Rhône	69M	Métropole De Lyon			MPLY-02	Lyon-Ouest	RUDIGOZ	Thomas	M	11/01/1971	85	Personne diverse sans activité professionnelle de moins de 60 ans (sauf retraité)	28/06/2020		
84	Auvergne-Rhône-Alpes	69	Rhône	69M	Métropole De Lyon			MPLY-02	Lyon-Ouest	THEVENIEAU	François	M	09/11/1948	77	Ancien employé	28/06/2020		
84	Auvergne-Rhône-Alpes	69	Rhône	69M	Métropole De Lyon			MPLY-03	Lyon-Sud	CHIHI	Mohamed	M	05/07/1978	34	Professeur, profession scientifique	09/10/2020		
84	Auvergne-Rhône-Alpes	69	Rhône	69M	Métropole De Lyon			MPLY-03	Lyon-Sud	DUBOT	Fanny	F	02/03/1989	45	Profession intermédiaire administrative de la fonction publique	28/06/2020		
84	Auvergne-Rhône-Alpes	69	Rhône	69M	Métropole De Lyon			MPLY-03	Lyon-Sud	GEOURJON	Christophe	M	24/08/1966	34	Professeur, profession scientifique	28/06/2020		
84	Auvergne-Rhône-Alpes	69	Rhône	69M	Métropole De Lyon			MPLY-03	Lyon-Sud	MONOT	Vincent	M	28/09/1981	33	Cadre de la fonction publique	28/06/2020		
84	Auvergne-Rhône-Alpes	69	Rhône	69M	Métropole De Lyon			MPLY-03	Lyon-Sud	PAYRE	Renaud	M	24/04/1975	34	Professeur, profession scientifique	28/06/2020	Vice-président de l'assemblée	02/07/2020
84	Auvergne-Rhône-Alpes	69	Rhône	69M	Métropole De Lyon			MPLY-03	Lyon-Sud	PERRIN-GILBERT	Nathalie	F	28/10/1971	85	Personne diverse sans activité professionnelle de moins de 60 ans (sauf retraité)	28/06/2020		
84	Auvergne-Rhône-Alpes	69	Rhône	69M	Métropole De Lyon			MPLY-03	Lyon-Sud	PICOT	Myriam	F	09/02/1953	31	Profession libérale	28/06/2020		
84	Auvergne-Rhône-Alpes	69	Rhône	69M	Métropole De Lyon			MPLY-03	Lyon-Sud	VACHER	Lucie	F	06/05/1989	85	Personne diverse sans activité professionnelle de moins de 60 ans (sauf retraité)	28/06/2020	Vice-président de l'assemblée	02/07/2020
84	Auvergne-Rhône-Alpes	69	Rhône	69M	Métropole De Lyon			MPLY-04	Lyon-Centre	BAGNON	Fabien	M	21/08/1975	38	Ingénieur et cadre technique d'entreprise	28/06/2020	Vice-président de l'assemblée	02/07/2020
84	Auvergne-Rhône-Alpes	69	Rhône	69M	Métropole De Lyon			MPLY-04	Lyon-Centre	BAUME	Emeline	F	03/09/1977	34	Professeur, profession scientifique	28/06/2020	Vice-président de l'assemblée	02/07/2020
84	Auvergne-Rhône-Alpes	69	Rhône	69M	Métropole De Lyon			MPLY-04	Lyon-Centre	BEN ITAH	Yves	M	12/12/1957	35	Profession de l'information, des arts et des spectacles	28/06/2020	Vice-président de l'assemblée	02/07/2020
84	Auvergne-Rhône-Alpes	69	Rhône	69M	Métropole De Lyon			MPLY-04	Lyon-Centre	BOFFET	Laurence	F	02/01/1973	38	Ingénieur et cadre technique d'entreprise	28/06/2020	Vice-président de l'assemblée	02/07/2020
84	Auvergne-Rhône-Alpes	69	Rhône	69M	Métropole De Lyon			MPLY-04	Lyon-Centre	BOUAGGA	Yasmine	F	12/10/1982	34	Professeur, profession scientifique	28/06/2020		
84	Auvergne-Rhône-Alpes	69	Rhône	69M	Métropole De Lyon			MPLY-04	Lyon-Centre	CABOT	Marie Agnès	F	06/01/1962	31	Profession libérale	28/06/2020		
84	Auvergne-Rhône-Alpes	69	Rhône	69M	Métropole De Lyon			MPLY-04	Lyon-Centre	CHAMBON	Pierre	M	17/07/1968	23	Chef d'entreprise de 10 salariés ou plus	28/06/2020		
84	Auvergne-Rhône-Alpes	69	Rhône	69M	Métropole De Lyon			MPLY-04	Lyon-Centre	GODINOT	Sylvain	M	24/10/1973	31	Profession libérale	28/06/2020		
84	Auvergne-Rhône-Alpes	69	Rhône	69M	Métropole De Lyon			MPLY-04	Lyon-Centre	GROULT	Florestan	M	23/12/1985	52	Employé civil et agent de service de la fonction publique	28/06/2020		
84	Auvergne-Rhône-Alpes	69	Rhône	69M	Métropole De Lyon			MPLY-04	Lyon-Centre	KIMELFELD	David	M	17/06/1961	72	Ancien artisan, commerçant, chef d'entreprise	28/06/2020		
84	Auvergne-Rhône-Alpes	69	Rhône	69M	Métropole De Lyon			MPLY-04	Lyon-Centre	LUNGENSTRASS	Valentin	M	15/07/1994	38	Ingénieur et cadre technique d'entreprise	28/06/2020		
84	Auvergne-Rhône-Alpes	69	Rhône	69M	Métropole De Lyon			MPLY-05	Lyon-Est	BADOUARD	Benjamin	M	20/06/1983	46	Profession intermédiaire administrative et commerciale des entreprises	28/06/2020		
84	Auvergne-Rhône-Alpes	69	Rhône	69M	Métropole De Lyon			MPLY-05	Lyon-Est	BURILLON	Carole	F	29/12/1956	34	Professeur, profession scientifique	28/06/2020		
84	Auvergne-Rhône-Alpes	69	Rhône	69M	Métropole De Lyon			MPLY-05	Lyon-Est	CORAZZOL	Guy	M	10/12/1966	33	Cadre de la fonction publique	28/06/2020		
84	Auvergne-Rhône-Alpes	69	Rhône	69M	Métropole De Lyon			MPLY-05	Lyon-Est	DUBOIS BERTRAND	Véronique	F	03/01/1966	37	Cadre administratif et commercial d'entreprise	28/06/2020		
84	Auvergne-Rhône-Alpes	69	Rhône	69M	Métropole De Lyon			MPLY-05	Lyon-Est	GUERIN	Monique	F	09/07/1950	74	Ancien cadre	28/06/2020		
84	Auvergne-Rhône-Alpes	69	Rhône	69M	Métropole De Lyon			MPLY-05	Lyon-Est	MAIRE	Michaël	M	14/03/1982	34	Professeur, profession scientifique	28/06/2020		
84	Auvergne-Rhône-Alpes	69	Rhône	69M	Métropole De Lyon			MPLY-05	Lyon-Est	PETIOT	Isabelle	F	13/04/1983	45	Profession intermédiaire administrative de la fonction publique	28/06/2020	Vice-président de l'assemblée	02/07/2020
84	Auvergne-Rhône-Alpes	69	Rhône	69M	Métropole De Lyon			MPLY-06	Lyon-Nord	BLACHE	Pascal	M	21/04/1965	23	Chef d'entreprise de 10 salariés ou plus	28/06/2020		
84	Auvergne-Rhône-Alpes	69	Rhône	69M	Métropole De Lyon			MPLY-06	Lyon-Nord	BORBON	Delphine	F	30/09/1976	46	Profession intermédiaire administrative et commerciale des entreprises	28/06/2020		
84	Auvergne-Rhône-Alpes	69	Rhône	69M	Métropole De Lyon			MPLY-06	Lyon-Nord	BRUMM	Richard	M	26/10/1946	31	Profession libérale	28/06/2020		
84	Auvergne-Rhône-Alpes	69	Rhône	69M	Métropole De Lyon			MPLY-06	Lyon-Nord	CROIZIER	Laurence	F	01/07/1961	38	Ingénieur et cadre technique d'entreprise	28/06/2020		
84	Auvergne-Rhône-Alpes	69	Rhône	69M	Métropole De Lyon			MPLY-06	Lyon-Nord	DELAUNAY	Florence	F	22/07/1962	42	Professeur des écoles, instituteur et assimilé	28/06/2020		
84	Auvergne-Rhône-Alpes	69	Rhône	69M	Métropole De Lyon			MPLY-06	Lyon-Nord	LASSAGNE	Lionel	M	30/07/1968	37	Cadre administratif et commercial d'entreprise	28/06/2020		
84	Auvergne-Rhône-Alpes	69	Rhône	69M	Métropole De Lyon			MPLY-06	Lyon-Nord	MARGUIN	Christophe	M	25/12/1967	23	Chef d'entreprise de 10 salariés ou plus	28/06/2020		
84	Auvergne-Rhône-Alpes	69	Rhône	69M	Métropole De Lyon			MPLY-06	Lyon-Nord	NACHURY	Dominique	F	01/06/1951	31	Profession libérale	28/06/2020		
84	Auvergne-Rhône-Alpes	69	Rhône	69M	Métropole De Lyon			MPLY-06	Lyon-Nord	PANASSIER	Catherine	F	30/01/1963	85	Personne diverse sans activité professionnelle de moins de 60 ans (sauf retraité)	28/06/2020		
84	Auvergne-Rhône-Alpes	69	Rhône	69M	Métropole De Lyon			MPLY-07	Lyon-Sud-Est	AZCUÉ	Mathieu	M	23/07/1983	43	Profession intermédiaire de la santé et du travail social	28/06/2020		
84	Auvergne-Rhône-Alpes	69	Rhône	69M	Métropole De Lyon			MPLY-07	Lyon-Sud-Est	DEHAN	Nathalie	F	07/01/1973	43	Profession intermédiaire de la santé et du travail social	28/06/2020		
84	Auvergne-Rhône-Alpes	69	Rhône	69M	Métropole De Lyon			MPLY-07	Lyon-Sud-Est	DOUCET	Grégory	M	22/08/1973	37	Cadre administratif et commercial d'entreprise	28/06/2020		
84	Auvergne-Rhône-Alpes	69	Rhône	69M	Métropole De Lyon			MPLY-07	Lyon-Sud-Est	GUELPA-BONARO	Philippe	M	10/03/1985	31	Profession libérale	28/06/2020	Vice-président de l'assemblée	02/07/2020
84	Auvergne-Rhône-Alpes	69	Rhône	69M	Métropole De Lyon			MPLY-07	Lyon-Sud-Est	LE FAOU	Michel	M	10/10/1967	38	Ingénieur et cadre technique d'entreprise	28/06/2020		
84	Auvergne-Rhône-Alpes	69	Rhône	69M	Métropole De Lyon			MPLY-07	Lyon-Sud-Est	PELAEZ	Louis	M	14/10/1967	37	Cadre administratif et commercial d'entreprise	28/06/2020		
84	Auvergne-Rhône-Alpes	69	Rhône	69M	Métropole De Lyon			MPLY-07	Lyon-Sud-Est	ROCH	Valérie	F	14/05/1961	48	Contremaître, agent de maîtrise	28/06/2020		
84	Auvergne-Rhône-Alpes	69	Rhône	69M	Métropole De Lyon			MPLY-07	Lyon-Sud-Est	RUNEL	Sandrine	F	01/06/1979	33	Cadre de la fonction publique	28/06/2020		
84	Auvergne-Rhône-Alpes	69	Rhône	69M	Métropole De Lyon			MPLY-07	Lyon-Sud-Est	ZDOROVTZOFF	Sonia	F	25/05/1987	54	Employé administratif d'entreprise	28/06/2020		
84	Auvergne-Rhône-Alpes	69	Rhône	69M	Métropole De Lyon			MPLY-08	Ouest	CHADIER	Sandrine	F	04/04/1972	37	Cadre administratif et commercial d'entreprise	28/06/2020		
84	Auvergne-Rhône-Alpes	69	Rhône	69M	Métropole De Lyon			MPLY-08	Ouest	CHARMOT	Pascal	M	02/09/1962	37	Cadre administratif et commercial d'entreprise	28/06/2020		
84	Auvergne-Rhône-Alpes	69	Rhône	69M	Métropole De Lyon			MPLY-08	Ouest	DROMAIN	Hélène	F	20/12/1963	37	Cadre administratif et commercial d'entreprise	28/06/2020	Vice-président de l'assemblée	02/07/2020
84	Auvergne-Rhône-Alpes	69	Rhône	69M	Métropole De Lyon			MPLY-08	Ouest	FONTANGES	Séverine	F	05/07/1965	45	Profession intermédiaire administrative de la fonction publique	28/06/2020		
84	Auvergne-Rhône-Alpes	69	Rhône	69M	Métropole De Lyon			MPLY-08	Ouest	GALLIANO	Alain	M	06/06/1946	77	Ancien employé	28/06/2020		
84	Auvergne-Rhône-Alpes	69	Rhône	69M	Métropole De Lyon			MPLY-08	Ouest	MÔNE	Jean	M	15/07/1977	21	Artisan	28/06/2020		
84	Auvergne-Rhône-Alpes	69	Rhône	69M	Métropole De Lyon			MPLY-08	Ouest	RANTONNET	Michel	M	21/06/1954	74	Ancien cadre	28/06/2020		
84	Auvergne-Rhône-Alpes	69	Rhône	69M	Métropole De Lyon			MPLY-08	Ouest	SARSELLI	Véronique	F	18/12/1968	34	Professeur, profession scientifique	28/06/2020		
84	Auvergne-Rhône-Alpes	69	Rhône	69M	Métropole De Lyon			MPLY-08	Ouest	SEGUIN	Luc	M	13/04/1960	31	Profession libérale	28/06/2020		
84	Auvergne-Rhône-Alpes	69	Rhône	69M	Métropole De Lyon			MPLY-09	Plateau Nord-Caluire	COCHET	Philippe	M	23/05/1961	23	Chef d'entreprise de 10 salariés ou plus	28/06/2020		
84	Auvergne-Rhône-Alpes	69	Rhône	69M	Métropole De Lyon			MPLY-09	Plateau Nord-Caluire	CRESPY	Chantal	F	19/04/1956	43	Profession intermédiaire de la santé et du travail social	28/06/2020		
84	Auvergne-Rhône-Alpes	69	Rhône	69M	Métropole De Lyon			MPLY-09	Plateau Nord-Caluire	DUPUY	Catherine	F	29/01/1970	34	Professeur, profession scientifique	28/06/2020		
84	Auvergne-Rhône-Alpes	69	Rhône	69M	Métropole De Lyon			MPLY-09	Plateau Nord-Caluire	FONTAINE	Myriam	F	10/09/1952	33	Cadre de la fonction publique	28/06/2020		
84	Auvergne-Rhône-Alpes	69	Rhône	69M	Métropole De Lyon			MPLY-09	Plateau Nord-Caluire	HEMAIN	Séverine	F	31/03/1977	37	Cadre administratif et commercial d'entreprise	28/06/2020	Vice-président de l'assemblée	02/07/2020
84	Auvergne-Rhône-Alpes	69	Rhône	69M	Métropole De Lyon			MPLY-09	Plateau Nord-Caluire	PETIT	Gaël	M	03/04/1972	37	Cadre administratif et commercial d'entreprise	28/06/2020		
84	Auvergne-Rhône-Alpes	69	Rhône	69M	Métropole De Lyon			MPLY-09	Plateau Nord-Caluire	SMATI	Julien	M	02/09/1975	23	Chef d'entreprise de 10 salariés ou plus	28/06/2020		
84	Auvergne-Rhône-Alpes	69	Rhône	69M	Métropole De Lyon			MPLY-09	Plateau Nord-Caluire	VINCENDET	Alexandre	M	06/10/1983	85	Personne diverse sans activité professionnelle de moins de 60 ans (sauf retraité)	28/06/2020		
84	Auvergne-Rhône-Alpes	69	Rhône	69M	Métropole De Lyon			MPLY-10	Porte Des Alpes	BRAMET-REYNAUD	Nathalie	F	04/08/1964	31	Profession libérale	28/06/2020		
84	Auvergne-Rhône-Alpes	69	Rhône	69M	Métropole De Lyon			MPLY-10	Porte Des Alpes	CARRIER	Marion	F	12/11/1996	84	Elève, étudiant	28/07/2021		
84	Auvergne-Rhône-Alpes	69	Rhône	69M	Métropole De Lyon			MPLY-10	Porte Des Alpes	COHEN	Claude	M	02/05/1948	72	Ancien artisan, commerçant, chef d'entreprise	28/06/2020		
84	Auvergne-Rhône-Alpes	69	Rhône	69M	Métropole De Lyon			MPLY-10	Porte Des Alpes	CORSALE	Doriane	F	22/12/1960	74	Ancien cadre	28/06/2020		
84	Auvergne-Rhône-Alpes	69	Rhône	69M	Métropole De Lyon			MPLY-10	Porte Des Alpes	DOGANEL	Izzet	M	05/05/1981	22	Commerçant et assimilé	28/06/2020		
84	Auvergne-Rhône-Alpes	69	Rhône	69M	Métropole De Lyon			MPLY-10	Porte Des Alpes	EL FALOUSSI	Messaouda	F	19/11/1969	85	Personne diverse sans activité professionnelle de moins de 60 ans (sauf retraité)	28/06/2020		
84	Auvergne-Rhône-Alpes	69	Rhône	69M	Métropole De Lyon			MPLY-10	Porte Des Alpes	GASCON	Gilles	M	21/01/1967	22	Commerçant et assimilé	28/06/2020		
84	Auvergne-Rhône-Alpes	69	Rhône	69M	Métropole De Lyon			MPLY-10	Porte Des Alpes	LONGUEVAL	Jean-Michel	M	30/03/1956	38	Ingénieur et cadre technique d'entreprise	28/06/2020	Vice-président de l'assemblée	02/07/2020
84	Auvergne-Rhône-Alpes	69	Rhône	69M	Métropole De Lyon			MPLY-10	Porte Des Alpes	MOREIRA	Véronique	F	29/05/1960	75	Ancienne profession intermédiaire	28/06/2020	Vice-président de l'assemblée	02/07/2020
84	Auvergne-Rhône-Alpes	69	Rhône	69M	Métropole De Lyon			MPLY-10	Porte Des Alpes	PERCET	Joëlle	F	19/03/1951	74	Ancien cadre	28/06/2020		
84	Auvergne-Rhône-Alpes	69	Rhône	69M	Métropole De Lyon			MPLY-10	Porte Des Alpes	SELLES	Jean Jacques	M	23/03/1955	74	Ancien cadre	28/06/2020		
84	Auvergne-Rhône-Alpes	69	Rhône	69M	Métropole De Lyon			MPLY-10	Porte Des Alpes	SIBEUD	Nicole	F	05/11/1956	74	Ancien cadre	28/06/2020		
84	Auvergne-Rhône-Alpes	69	Rhône	69M	Métropole De Lyon			MPLY-11	Portes Du Sud	ATHANAZE	Pierre	M	30/07/1961	33	Cadre de la fonction publique	28/06/2020	Vice-président de l'assemblée	02/07/2020
84	Auvergne-Rhône-Alpes	69	Rhône	69M	Métropole De Lyon			MPLY-11	Portes Du Sud	BLEIN	Yves	M	12/10/1954	74	Ancien cadre	28/06/2020		
84	Auvergne-Rhône-Alpes	69	Rhône	69M	Métropole De Lyon			MPLY-11	Portes Du Sud	BOUMERTIT	Idir	M	04/10/1974	54	Employé administratif d'entreprise	28/06/2020		
84	Auvergne-Rhône-Alpes	69	Rhône	69M	Métropole De Lyon			MPLY-11	Portes Du Sud	BURRICAND	Marie-Christine	F	14/11/1957	74	Ancien cadre	28/06/2020		
84	Auvergne-Rhône-Alpes	69	Rhône	69M	Métropole De Lyon			MPLY-11	Portes Du Sud	EDERY	Michèle	F	30/03/1956	34	Professeur, profession scientifique	28/06/2020		
84	Auvergne-Rhône-Alpes	69	Rhône	69M	Métropole De Lyon			MPLY-11	Portes Du Sud	ETIENNE	Christine	F	04/04/1965	37	Cadre administratif et commercial d'entreprise	09/10/2020		
84	Auvergne-Rhône-Alpes	69	Rhône	69M	Métropole De Lyon			MPLY-11	Portes Du Sud	FRIER	Nathalie	F	01/08/1966	46	Profession intermédiaire administrative et commerciale des entreprises	28/06/2020		
84	Auvergne-Rhône-Alpes	69	Rhône	69M	Métropole De Lyon			MPLY-11	Portes Du Sud	GIRARD	Christophe	M	03/09/1966	23	Chef d'entreprise de 10 salariés ou plus	28/06/2020		
84	Auvergne-Rhône-Alpes	69	Rhône	69M	Métropole De Lyon			MPLY-11	Portes Du Sud	GIROMAGNY	Veronique Denise	F	08/11/1963	38	Ingénieur et cadre technique d'entreprise	28/06/2020		
84	Auvergne-Rhône-Alpes	69	Rhône	69M	Métropole De Lyon			MPLY-11	Portes Du Sud	MILLET	Pierre-Alain	M	01/10/1957	34	Professeur, profession scientifique	28/06/2020		
84	Auvergne-Rhône-Alpes	69	Rhône	69M	Métropole De Lyon			MPLY-11	Portes Du Sud	PICARD	Michèle	F	19/01/1967	54	Employé administratif d'entreprise	28/06/2020	Vice-président de l'assemblée	02/07/2020
84	Auvergne-Rhône-Alpes	69	Rhône	69M	Métropole De Lyon			MPLY-12	Rhône Amont	BARGE	Lucien	M	10/06/1948	12	Agriculteur sur moyenne exploitation	28/06/2020		
84	Auvergne-Rhône-Alpes	69	Rhône	69M	Métropole De Lyon			MPLY-12	Rhône Amont	BENZEGHIBA	Issam	M	05/10/1987	34	Professeur, profession scientifique	28/06/2020		
84	Auvergne-Rhône-Alpes	69	Rhône	69M	Métropole De Lyon			MPLY-12	Rhône Amont	BROSSAUD	Claire	F	18/03/1968	34	Professeur, profession scientifique	28/06/2020		
84	Auvergne-Rhône-Alpes	69	Rhône	69M	Métropole De Lyon			MPLY-12	Rhône Amont	CREDOZ	Dominique	F	16/03/1962	46	Profession intermédiaire administrative et commerciale des entreprises	28/06/2020		
84	Auvergne-Rhône-Alpes	69	Rhône	69M	Métropole De Lyon			MPLY-12	Rhône Amont	CREUZE	Catherine	F	17/09/1957	86	Personne diverse sans activité professionnelle de 60 ans et plus (sauf retraité)	28/06/2020		
84	Auvergne-Rhône-Alpes	69	Rhône	69M	Métropole De Lyon			MPLY-12	Rhône Amont	GEOFFROY	Hélène	F	04/03/1970	34	Professeur, profession scientifique	28/06/2020	Vice-président de l'assemblée	02/07/2020
84	Auvergne-Rhône-Alpes	69	Rhône	69M	Métropole De Lyon			MPLY-12	Rhône Amont	GOMEZ	Stéphane	M	02/10/1975	34	Professeur, profession scientifique	28/06/2020		
84	Auvergne-Rhône-Alpes	69	Rhône	69M	Métropole De Lyon			MPLY-12	Rhône Amont	LECERF	Muriel	F	02/09/1968	47	Technicien	28/06/2020		
84	Auvergne-Rhône-Alpes	69	Rhône	69M	Métropole De Lyon			MPLY-12	Rhône Amont	MARION	Richard	M	15/12/1987	31	Profession libérale	28/06/2020		
84	Auvergne-Rhône-Alpes	69	Rhône	69M	Métropole De Lyon			MPLY-12	Rhône Amont	PERRIET-ROUX	Isabelle	F	21/08/1974	31	Profession libérale	26/07/2021		
84	Auvergne-Rhône-Alpes	69	Rhône	69M	Métropole De Lyon			MPLY-12	Rhône Amont	QUINIOU	Christophe	M	13/05/1972	85	Personne diverse sans activité professionnelle de moins de 60 ans (sauf retraité)	28/06/2020		
84	Auvergne-Rhône-Alpes	69	Rhône	69M	Métropole De Lyon			MPLY-12	Rhône Amont	VIEIRA	Matthieu	M	06/05/1997	84	Elève, étudiant	28/06/2020		
84	Auvergne-Rhône-Alpes	69	Rhône	69M	Métropole De Lyon			MPLY-13	Val De Saône	ASTI-LAPPERRIERE	Florence	F	06/08/1964	37	Cadre administratif et commercial d'entreprise	28/06/2020		
84	Auvergne-Rhône-Alpes	69	Rhône	69M	Métropole De Lyon			MPLY-13	Val De Saône	CAMUS	Jérémy	M	10/05/1977	37	Cadre administratif et commercial d'entreprise	28/06/2020	Vice-président de l'assemblée	02/07/2020
84	Auvergne-Rhône-Alpes	69	Rhône	69M	Métropole De Lyon			MPLY-13	Val De Saône	CARDONA	Corinne	F	28/03/1958	37	Cadre administratif et commercial d'entreprise	28/06/2020		
84	Auvergne-Rhône-Alpes	69	Rhône	69M	Métropole De Lyon			MPLY-13	Val De Saône	COIN	Gisèle	F	15/02/1973	46	Profession intermédiaire administrative et commerciale des entreprises	28/06/2020		
84	Auvergne-Rhône-Alpes	69	Rhône	69M	Métropole De Lyon			MPLY-13	Val De Saône	COLLIN	Blandine	F	26/12/1969	38	Ingénieur et cadre technique d'entreprise	28/06/2020		
84	Auvergne-Rhône-Alpes	69	Rhône	69M	Métropole De Lyon			MPLY-13	Val De Saône	DAVID	Pascal	M	27/04/1961	38	Ingénieur et cadre technique d'entreprise	28/06/2020		
84	Auvergne-Rhône-Alpes	69	Rhône	69M	Métropole De Lyon			MPLY-13	Val De Saône	FOURNILLON	Rose-France	F	21/09/1944	72	Ancien artisan, commerçant, chef d'entreprise	28/06/2020		
84	Auvergne-Rhône-Alpes	69	Rhône	69M	Métropole De Lyon			MPLY-13	Val De Saône	GRIVEL	Marc	M	28/10/1945	72	Ancien artisan, commerçant, chef d'entreprise	28/06/2020		
84	Auvergne-Rhône-Alpes	69	Rhône	69M	Métropole De Lyon			MPLY-13	Val De Saône	PILLON	Gilles	M	05/05/1957	74	Ancien cadre	28/06/2020		
84	Auvergne-Rhône-Alpes	69	Rhône	69M	Métropole De Lyon			MPLY-13	Val De Saône	SAINT-CYR	Maryline	F	20/09/1976	37	Cadre administratif et commercial d'entreprise	28/06/2020		
84	Auvergne-Rhône-Alpes	69	Rhône	69M	Métropole De Lyon			MPLY-13	Val De Saône	UHLRICH	Yves-Marie	M	22/05/1950	31	Profession libérale	28/06/2020		
84	Auvergne-Rhône-Alpes	69	Rhône	69M	Métropole De Lyon			MPLY-13	Val De Saône	VERGIAT	Eric	M	21/07/1963	38	Ingénieur et cadre technique d'entreprise	28/06/2020		
84	Auvergne-Rhône-Alpes	69	Rhône	69M	Métropole De Lyon			MPLY-13	Val De Saône	VINCENT	Max	M	04/07/1950	74	Ancien cadre	28/06/2020		
84	Auvergne-Rhône-Alpes	69	Rhône	69M	Métropole De Lyon			MPLY-13	Val De Saône	VULLIEN	Michèle	F	18/01/1944	74	Ancien cadre	28/06/2020		
84	Auvergne-Rhône-Alpes	69	Rhône	69M	Métropole De Lyon			MPLY-14	Villeurbanne	ARTHAUD	Léna	F	08/03/1991	42	Professeur des écoles, instituteur et assimilé	28/06/2020		
84	Auvergne-Rhône-Alpes	69	Rhône	69M	Métropole De Lyon			MPLY-14	Villeurbanne	BARLA	Nicolas	M	08/01/1997	38	Ingénieur et cadre technique d'entreprise	28/06/2020		
84	Auvergne-Rhône-Alpes	69	Rhône	69M	Métropole De Lyon			MPLY-14	Villeurbanne	BERNARD	Bruno	M	31/12/1970	23	Chef d'entreprise de 10 salariés ou plus	28/06/2020	Président de l'assemblée	02/07/2020
84	Auvergne-Rhône-Alpes	69	Rhône	69M	Métropole De Lyon			MPLY-14	Villeurbanne	BRUNEL VIEIRA	Vinciane	F	21/08/1978	33	Cadre de la fonction publique	28/06/2020		
84	Auvergne-Rhône-Alpes	69	Rhône	69M	Métropole De Lyon			MPLY-14	Villeurbanne	DALBY	Hugo	M	08/05/1991	42	Professeur des écoles, instituteur et assimilé	28/06/2020		
84	Auvergne-Rhône-Alpes	69	Rhône	69M	Métropole De Lyon			MPLY-14	Villeurbanne	DEVINAZ	Gilbert-Luc	M	19/07/1953	74	Ancien cadre	28/06/2020		
84	Auvergne-Rhône-Alpes	69	Rhône	69M	Métropole De Lyon			MPLY-14	Villeurbanne	KABALO	Prosper	M	26/08/1955	23	Chef d'entreprise de 10 salariés ou plus	28/06/2020		
84	Auvergne-Rhône-Alpes	69	Rhône	69M	Métropole De Lyon			MPLY-14	Villeurbanne	KHELIFI	Zemorda	F	01/10/1974	34	Professeur, profession scientifique	28/06/2020	Vice-président de l'assemblée	02/07/2020
84	Auvergne-Rhône-Alpes	69	Rhône	69M	Métropole De Lyon			MPLY-14	Villeurbanne	LAGARDE	Caroline	F	21/06/1967	55	Employé de commerce	28/06/2020		
84	Auvergne-Rhône-Alpes	69	Rhône	69M	Métropole De Lyon			MPLY-14	Villeurbanne	LEGENDRE	Laurent	M	29/05/1983	38	Ingénieur et cadre technique d'entreprise	28/06/2020		
84	Auvergne-Rhône-Alpes	69	Rhône	69M	Métropole De Lyon			MPLY-14	Villeurbanne	NOVAK	Floyd	M	17/05/1991	31	Profession libérale	28/06/2020		
84	Auvergne-Rhône-Alpes	69	Rhône	69M	Métropole De Lyon			MPLY-14	Villeurbanne	PROST	Emilie	F	09/11/1984	22	Commerçant et assimilé	28/06/2020		
84	Auvergne-Rhône-Alpes	69	Rhône	69M	Métropole De Lyon			MPLY-14	Villeurbanne	RAY	Jean-Claude	M	01/03/1956	34	Professeur, profession scientifique	28/06/2020		
84	Auvergne-Rhône-Alpes	69	Rhône	69M	Métropole De Lyon			MPLY-14	Villeurbanne	REVEYRAND	Anne	F	01/03/1953	74	Ancien cadre	28/06/2020		
84	Auvergne-Rhône-Alpes	69	Rhône	69M	Métropole De Lyon			MPLY-14	Villeurbanne	SUBAÏ	Corinne	F	17/09/1970	34	Professeur, profession scientifique	28/06/2020		
84	Auvergne-Rhône-Alpes	69	Rhône	69M	Métropole De Lyon			MPLY-14	Villeurbanne	VAN STYVENDAEL	Cédric	M	15/10/1973	23	Chef d'entreprise de 10 salariés ou plus	28/06/2020	Vice-président de l'assemblée	02/07/2020
84	Auvergne-Rhône-Alpes	69	Rhône	69M	Métropole De Lyon			MPLY-14	Villeurbanne	VESSILLER	Béatrice	F	08/12/1962	33	Cadre de la fonction publique	28/06/2020	Vice-président de l'assemblée	02/07/2020
		972	Martinique	972	Martinique	02ZB1	Martinique-Section Du Centre			CARIUS	Francine	F	05/03/1955	74	Ancien cadre	02/07/2021		
		972	Martinique	972	Martinique	02ZB1	Martinique-Section Du Centre			CLIO	Fred	M	08/07/1961	34	Professeur, profession scientifique	02/07/2021	Vice-président de l'assemblée	02/07/2021
		972	Martinique	972	Martinique	02ZB1	Martinique-Section Du Centre			EDMOND-MARIETTE	Philippe	M	15/10/1955	31	Profession libérale	02/07/2021		
		972	Martinique	972	Martinique	02ZB1	Martinique-Section Du Centre			ETIENNE NOTTE	Yannick	F	24/05/1970	52	Employé civil et agent de service de la fonction publique	02/07/2021		
		972	Martinique	972	Martinique	02ZB1	Martinique-Section Du Centre			MANIN	Josette	F	16/03/1950	161	Retraité salarié privé (obsolète)	02/07/2021		
		972	Martinique	972	Martinique	02ZB1	Martinique-Section Du Centre			MARIE-REINE	Olivier	M	15/06/1968	21	Artisan	02/07/2021		
		972	Martinique	972	Martinique	02ZB1	Martinique-Section Du Centre			MARIE-SAINTE	Daniel	M	14/12/1944	74	Ancien cadre	02/07/2021	Vice-président de l'assemblée	02/07/2021
		972	Martinique	972	Martinique	02ZB1	Martinique-Section Du Centre			ROSE	Johnny	M	01/03/1956	23	Chef d'entreprise de 10 salariés ou plus	02/07/2021		
		972	Martinique	972	Martinique	02ZB1	Martinique-Section Du Centre			TAUREL	Monette	F	01/01/1966	11	Agriculteur sur petite exploitation	02/07/2021		
		972	Martinique	972	Martinique	02ZB1	Martinique-Section Du Centre			TAVERNIER	Samuel	M	06/01/1958	74	Ancien cadre	02/07/2021		
		972	Martinique	972	Martinique	02ZB1	Martinique-Section Du Centre			TELLE	Patricia	F	12/12/1959	43	Profession intermédiaire de la santé et du travail social	02/07/2021	Vice-président de l'assemblée	02/07/2021
		972	Martinique	972	Martinique	02ZB1	Martinique-Section Du Centre			TINOT	Marie-Frantz	F	07/05/1959	37	Cadre administratif et commercial d'entreprise	02/07/2021		
		972	Martinique	972	Martinique	02ZB2	Martinique-Section Du Nord			AZEROT	Bruno Nestor	M	22/07/1961	22	Commerçant et assimilé	02/07/2021		
		972	Martinique	972	Martinique	02ZB2	Martinique-Section Du Nord			BEAULIEU	Lydia	F	22/06/1974	38	Ingénieur et cadre technique d'entreprise	02/07/2021		
		972	Martinique	972	Martinique	02ZB2	Martinique-Section Du Nord			BERNABE	Kora	F	04/06/1989	38	Ingénieur et cadre technique d'entreprise	02/07/2021		
		972	Martinique	972	Martinique	02ZB2	Martinique-Section Du Nord			BOUTRIN	Louis	M	26/09/1958	31	Profession libérale	02/07/2021		
		972	Martinique	972	Martinique	02ZB2	Martinique-Section Du Nord			DUFEAL	Eric	M	23/10/1965	33	Cadre de la fonction publique	02/07/2021		
		972	Martinique	972	Martinique	02ZB2	Martinique-Section Du Nord			DULYS-PETIT	Jenny	F	15/01/1953	74	Ancien cadre	02/07/2021		
		972	Martinique	972	Martinique	02ZB2	Martinique-Section Du Nord			ECANVIL	Jean-Claude	M	06/10/1952	74	Ancien cadre	02/07/2021		
		972	Martinique	972	Martinique	02ZB2	Martinique-Section Du Nord			ISMAIN	Félix	M	20/02/1952	74	Ancien cadre	02/07/2021		
		972	Martinique	972	Martinique	02ZB2	Martinique-Section Du Nord			LARGEN-MARINE	Yolène	F	30/09/1958	31	Profession libérale	02/07/2021		
		972	Martinique	972	Martinique	02ZB2	Martinique-Section Du Nord			LIMIER	Nadia Emilienne	F	29/05/1970	85	Personne diverse sans activité professionnelle de moins de 60 ans (sauf retraité)	02/07/2021		
		972	Martinique	972	Martinique	02ZB2	Martinique-Section Du Nord			LISLET	Claude	M	16/08/1963	23	Chef d'entreprise de 10 salariés ou plus	02/07/2021		
		972	Martinique	972	Martinique	02ZB2	Martinique-Section Du Nord			NADEAU	Marcellin	M	02/11/1962	33	Cadre de la fonction publique	02/07/2021		
		972	Martinique	972	Martinique	02ZB2	Martinique-Section Du Nord			PAMPHILE	Justin	M	06/05/1969	33	Cadre de la fonction publique	02/07/2021		
		972	Martinique	972	Martinique	02ZB2	Martinique-Section Du Nord			SALIBER	Lucien	M	24/10/1951	74	Ancien cadre	02/07/2021	Président de l'assemblée	02/07/2021
		972	Martinique	972	Martinique	02ZB3	Martinique-Section De Fort-De-France			CAROLE	Francis	M	19/10/1958	42	Professeur des écoles, instituteur et assimilé	02/07/2021		
		972	Martinique	972	Martinique	02ZB3	Martinique-Section De Fort-De-France			CASANOVA	Sandra	F	29/03/1975	23	Chef d'entreprise de 10 salariés ou plus	02/07/2021		
		972	Martinique	972	Martinique	02ZB3	Martinique-Section De Fort-De-France			CHAMMAS	Charles	M	30/06/1965	34	Professeur, profession scientifique	02/07/2021		
		972	Martinique	972	Martinique	02ZB3	Martinique-Section De Fort-De-France			CONCONNE	Catherine	F	18/05/1963	85	Personne diverse sans activité professionnelle de moins de 60 ans (sauf retraité)	02/07/2021		
		972	Martinique	972	Martinique	02ZB3	Martinique-Section De Fort-De-France			DUVERGER	Jean-Claude	M	14/06/1948	74	Ancien cadre	02/07/2021	Vice-président de l'assemblée	02/07/2021
		972	Martinique	972	Martinique	02ZB3	Martinique-Section De Fort-De-France			EMMANUEL	Christiane	F	30/09/1962	45	Profession intermédiaire administrative de la fonction publique	02/07/2021		
		972	Martinique	972	Martinique	02ZB3	Martinique-Section De Fort-De-France			LAGUERRE	Didier	M	10/01/1966	34	Professeur, profession scientifique	02/07/2021		
		972	Martinique	972	Martinique	02ZB3	Martinique-Section De Fort-De-France			LETCHIMY	Serge	M	13/01/1953	74	Ancien cadre	02/07/2021	Président de l'organe exécutif	02/07/2021
		972	Martinique	972	Martinique	02ZB3	Martinique-Section De Fort-De-France			MONROSE	Michelle	F	07/11/1984	34	Professeur, profession scientifique	02/07/2021		
		972	Martinique	972	Martinique	02ZB3	Martinique-Section De Fort-De-France			RAVIN	Marie-Ange	F	05/05/1951	21	Artisan	02/07/2021		
		972	Martinique	972	Martinique	02ZB3	Martinique-Section De Fort-De-France			VENTADOUR	Alexandre	M	13/04/1981	23	Chef d'entreprise de 10 salariés ou plus	02/07/2021		
		972	Martinique	972	Martinique	02ZB4	Martinique-Section Du Sud			ACCUS ADAINE	Nadia	F	17/07/1975	42	Professeur des écoles, instituteur et assimilé	02/07/2021		
		972	Martinique	972	Martinique	02ZB4	Martinique-Section Du Sud			BEAUNOL	Jean François	M	30/12/1962	37	Cadre administratif et commercial d'entreprise	02/07/2021		
		972	Martinique	972	Martinique	02ZB4	Martinique-Section Du Sud			CLEM-BERTHOLO	Manuella	F	06/12/1966	33	Cadre de la fonction publique	02/07/2021		
		972	Martinique	972	Martinique	02ZB4	Martinique-Section Du Sud			DINAL	David	M	10/08/1952	31	Profession libérale	02/07/2021		
		972	Martinique	972	Martinique	02ZB4	Martinique-Section Du Sud			DUNON	Rosalie	F	08/09/1951	77	Ancien employé	02/07/2021		
		972	Martinique	972	Martinique	02ZB4	Martinique-Section Du Sud			LARCHER	Eugène	M	03/02/1947	74	Ancien cadre	02/07/2021		
		972	Martinique	972	Martinique	02ZB4	Martinique-Section Du Sud			MIRANDE	José	M	31/08/1958	23	Chef d'entreprise de 10 salariés ou plus	02/07/2021		
		972	Martinique	972	Martinique	02ZB4	Martinique-Section Du Sud			NARCISSOT	Marius	M	01/03/1964	37	Cadre administratif et commercial d'entreprise	02/07/2021		
		972	Martinique	972	Martinique	02ZB4	Martinique-Section Du Sud			NELLA	Aurélie	F	04/05/1985	54	Employé administratif d'entreprise	02/07/2021		
		972	Martinique	972	Martinique	02ZB4	Martinique-Section Du Sud			NILOR	Jean-Philippe	M	15/05/1965	85	Personne diverse sans activité professionnelle de moins de 60 ans (sauf retraité)	02/07/2021		
		972	Martinique	972	Martinique	02ZB4	Martinique-Section Du Sud			NORCA	Stéphanie	F	11/01/1983	43	Profession intermédiaire de la santé et du travail social	02/07/2021		
		972	Martinique	972	Martinique	02ZB4	Martinique-Section Du Sud			ODONNAT	Fernand Bruno	M	06/10/1965	23	Chef d'entreprise de 10 salariés ou plus	02/07/2021		
		972	Martinique	972	Martinique	02ZB4	Martinique-Section Du Sud			PANZO	Jocelyne	F	30/01/1956	77	Ancien employé	02/07/2021		
		972	Martinique	972	Martinique	02ZB4	Martinique-Section Du Sud			TIRAULT	Fred Michel	M	07/07/1973	31	Profession libérale	02/07/2021		
		972	Martinique	972	Martinique	02ZB4	Martinique-Section Du Sud			VALENTIN	Sandra	F	02/12/1970	33	Cadre de la fonction publique	02/07/2021		
		973	Guyane	973	Guyane	03ZC1	Guyane-Section De Cayenne			ALEXANDRE	Rodolphe	M	25/09/1953	86	Personne diverse sans activité professionnelle de 60 ans et plus (sauf retraité)	02/07/2021		
		973	Guyane	973	Guyane	03ZC1	Guyane-Section De Cayenne			BARBE	Christiane	F	01/07/1968	22	Commerçant et assimilé	02/07/2021		
		973	Guyane	973	Guyane	03ZC1	Guyane-Section De Cayenne			BRIQUET	Muriel	F	06/12/1973	37	Cadre administratif et commercial d'entreprise	02/07/2021		
		973	Guyane	973	Guyane	03ZC1	Guyane-Section De Cayenne			LE WEST	Jean-Luc	M	21/08/1965	23	Chef d'entreprise de 10 salariés ou plus	02/07/2021	Vice-président de l'assemblée	02/07/2021
		973	Guyane	973	Guyane	03ZC1	Guyane-Section De Cayenne			LEONCE	Chester	M	17/08/1979	34	Professeur, profession scientifique	02/07/2021	Vice-président de l'assemblée	02/07/2021
		973	Guyane	973	Guyane	03ZC1	Guyane-Section De Cayenne			LONG-HIM-NAM	Serge	M	26/07/1952	74	Ancien cadre	02/07/2021		
		973	Guyane	973	Guyane	03ZC1	Guyane-Section De Cayenne			MARIE	Audrey	F	08/07/1974	42	Professeur des écoles, instituteur et assimilé	02/07/2021		
		973	Guyane	973	Guyane	03ZC1	Guyane-Section De Cayenne			SAINT-ORICE	Zadkiel	M	15/12/1983	22	Commerçant et assimilé	02/07/2021		
		973	Guyane	973	Guyane	03ZC2	Guyane-Section De La Petite Couronne			ALCIN	Sherly	F	03/04/1976	23	Chef d'entreprise de 10 salariés ou plus	02/07/2021		
		973	Guyane	973	Guyane	03ZC2	Guyane-Section De La Petite Couronne			ALEXANDER	Lucien	M	22/10/1955	74	Ancien cadre	02/07/2021		
		973	Guyane	973	Guyane	03ZC2	Guyane-Section De La Petite Couronne			BOUBA	Philippe	M	10/05/1980	34	Professeur, profession scientifique	02/07/2021	Vice-président de l'assemblée	02/07/2021
		973	Guyane	973	Guyane	03ZC2	Guyane-Section De La Petite Couronne			BÉLIZAIRE	Julnor	M	28/02/1979	42	Professeur des écoles, instituteur et assimilé	02/07/2021		
		973	Guyane	973	Guyane	03ZC2	Guyane-Section De La Petite Couronne			CHAMBAUD	Aïssatou	F	03/12/1977	31	Profession libérale	02/07/2021	Vice-président de l'assemblée	02/07/2021
		973	Guyane	973	Guyane	03ZC2	Guyane-Section De La Petite Couronne			MACHICHI PROST	Violaine	F	05/06/1985	45	Profession intermédiaire administrative de la fonction publique	02/07/2021		
		973	Guyane	973	Guyane	03ZC2	Guyane-Section De La Petite Couronne			PATIENT	Isabelle	F	19/07/1979	33	Cadre de la fonction publique	02/07/2021		
		973	Guyane	973	Guyane	03ZC2	Guyane-Section De La Petite Couronne			PLENET	Claude	M	24/05/1965	31	Profession libérale	02/07/2021		
		973	Guyane	973	Guyane	03ZC2	Guyane-Section De La Petite Couronne			RATTIER	Marie Lucienne	F	11/01/1971	37	Cadre administratif et commercial d'entreprise	02/07/2021		
		973	Guyane	973	Guyane	03ZC3	Guyane-Section De La Grande Couronne			LABRADOR	Jean-Claude	M	12/08/1951	75	Ancienne profession intermédiaire	02/07/2021		
		973	Guyane	973	Guyane	03ZC3	Guyane-Section De La Grande Couronne			NOKO	Christian	M	06/03/1957	55	Employé de commerce	02/07/2021		
		973	Guyane	973	Guyane	03ZC3	Guyane-Section De La Grande Couronne			PRINCE	Emmanuel	M	20/03/1980	34	Professeur, profession scientifique	02/07/2021	Vice-président de l'assemblée	02/07/2021
		973	Guyane	973	Guyane	03ZC4	Guyane-Section De L'Oyapock			DÉSERT	Pierre	M	19/06/1944	13	Agriculteur sur grande exploitation	02/07/2021		
		973	Guyane	973	Guyane	03ZC4	Guyane-Section De L'Oyapock			GEORGES	Léda	F	06/02/1984	55	Employé de commerce	02/07/2021		
		973	Guyane	973	Guyane	03ZC4	Guyane-Section De L'Oyapock			MONERVILLE	René	M	12/02/1974	21	Artisan	02/07/2021		
		973	Guyane	973	Guyane	03ZC5	Guyane-Section Des Savanes			COSSET	Patrick	M	11/11/1959	34	Professeur, profession scientifique	02/07/2021		
		973	Guyane	973	Guyane	03ZC5	Guyane-Section Des Savanes			RINGUET	François	M	24/08/1976	52	Employé civil et agent de service de la fonction publique	02/07/2021		
		973	Guyane	973	Guyane	03ZC5	Guyane-Section Des Savanes			ROBINSON CHOCHO	Annie	F	06/12/1956	33	Cadre de la fonction publique	02/07/2021	Vice-président de l'assemblée	02/07/2021
		973	Guyane	973	Guyane	03ZC5	Guyane-Section Des Savanes			SOESANNA	Magda	F	28/08/1989	52	Employé civil et agent de service de la fonction publique	02/07/2021		
		973	Guyane	973	Guyane	03ZC5	Guyane-Section Des Savanes			VERNET	Isabelle	F	23/01/1967	42	Professeur des écoles, instituteur et assimilé	02/07/2021		
		973	Guyane	973	Guyane	03ZC5	Guyane-Section Des Savanes			WILLIAM	Enrico	M	17/09/1976	23	Chef d'entreprise de 10 salariés ou plus	02/07/2021		
		973	Guyane	973	Guyane	03ZC6	Guyane-Section Du Haut-Maroni			BAGADI	François	M	30/10/1977	52	Employé civil et agent de service de la fonction publique	02/07/2021		
		973	Guyane	973	Guyane	03ZC6	Guyane-Section Du Haut-Maroni			DADA	Félix	M	24/03/1977	52	Employé civil et agent de service de la fonction publique	02/07/2021		
		973	Guyane	973	Guyane	03ZC6	Guyane-Section Du Haut-Maroni			DANIEL	Juliette	F	09/01/1964	42	Professeur des écoles, instituteur et assimilé	02/07/2021		
		973	Guyane	973	Guyane	03ZC6	Guyane-Section Du Haut-Maroni			DEYE	Raymond	M	07/02/1979	52	Employé civil et agent de service de la fonction publique	02/07/2021	Vice-président de l'assemblée	02/07/2021
		973	Guyane	973	Guyane	03ZC6	Guyane-Section Du Haut-Maroni			GALIMOT	Denis	M	19/07/1972	22	Commerçant et assimilé	02/07/2021		
		973	Guyane	973	Guyane	03ZC6	Guyane-Section Du Haut-Maroni			TANI	Mirta	F	05/06/1984	77	Ancien employé	02/07/2021		
		973	Guyane	973	Guyane	03ZC6	Guyane-Section Du Haut-Maroni			TELON	Sergina	F	23/03/1990	42	Professeur des écoles, instituteur et assimilé	02/07/2021		
		973	Guyane	973	Guyane	03ZC7	Guyane-Section De Saint-Laurent-Du-Maroni			FEREIRA	Jean Paul	M	10/04/1971	33	Cadre de la fonction publique	02/07/2021	Vice-président de l'assemblée	02/07/2021
		973	Guyane	973	Guyane	03ZC7	Guyane-Section De Saint-Laurent-Du-Maroni			KEZZA	Crépin	M	28/09/1970	33	Cadre de la fonction publique	02/07/2021		
		973	Guyane	973	Guyane	03ZC7	Guyane-Section De Saint-Laurent-Du-Maroni			LE GALL	Gilles	M	05/06/1969	34	Professeur, profession scientifique	02/07/2021		
		973	Guyane	973	Guyane	03ZC7	Guyane-Section De Saint-Laurent-Du-Maroni			LÉO	Catherine	F	14/07/1961	33	Cadre de la fonction publique	02/07/2021		
		973	Guyane	973	Guyane	03ZC7	Guyane-Section De Saint-Laurent-Du-Maroni			PERLET	Keena	F	30/05/1978	42	Professeur des écoles, instituteur et assimilé	02/07/2021		
		973	Guyane	973	Guyane	03ZC7	Guyane-Section De Saint-Laurent-Du-Maroni			WAARHEID	Benfelino	M	08/01/1989	42	Professeur des écoles, instituteur et assimilé	02/07/2021		
		973	Guyane	973	Guyane	03ZC8	Guyane-Section De Basse-Mana			BENTH	Albéric	M	16/12/1965	13	Agriculteur sur grande exploitation	02/07/2021		
		973	Guyane	973	Guyane	03ZC8	Guyane-Section De Basse-Mana			STEENWINKEL	Tiarrah	F	03/03/1992	43	Profession intermédiaire de la santé et du travail social	02/07/2021	Vice-président de l'assemblée	02/07/2021
		973	Guyane	973	Guyane	03ZC8	Guyane-Section De Basse-Mana			THERESE	Jocelyn	M	06/04/1964	52	Employé civil et agent de service de la fonction publique	02/07/2021		
				94	Corse					ACQUAVIVA	Jean-Felix	M	19/03/1973	74	Ancien cadre	02/07/2021		
				94	Corse					ANGELINI	Jean-Christophe	M	27/11/1975	23	Chef d'entreprise de 10 salariés ou plus	02/07/2021		
				94	Corse					ANTONINI	Danielle	F	05/09/1957	31	Profession libérale	02/07/2021		
				94	Corse					ARENA	Jean-Baptiste	M	01/07/1980	12	Agriculteur sur moyenne exploitation	02/07/2021		
				94	Corse					ARRIGHI	Véronique	F	23/01/1974	43	Profession intermédiaire de la santé et du travail social	02/07/2021		
				94	Corse					BATTESTINI	Serena	F	20/08/1977	22	Commerçant et assimilé	02/07/2021		
				94	Corse					BENEDETTI	Paul-Félix	M	28/07/1966	38	Ingénieur et cadre technique d'entreprise	02/07/2021		
				94	Corse					BIANCUCCI	Jean	M	08/05/1948	72	Ancien artisan, commerçant, chef d'entreprise	02/07/2021		
				94	Corse					BICCHIERAY	Didier	M	06/07/1968	22	Commerçant et assimilé	02/07/2021		
				94	Corse					BORRI	Jean-Marc	M	10/09/1968	31	Profession libérale	02/07/2021		
				94	Corse					BORROMEI	Vanina	F	10/08/1978	22	Commerçant et assimilé	02/07/2021		
				94	Corse					BOZZI	Valérie	F	18/03/1982	31	Profession libérale	02/07/2021		
				94	Corse					BRANCA	Marie-Claude	F	16/11/1961	34	Professeur, profession scientifique	02/07/2021		
				94	Corse					CAITUCOLI	Paul-Joseph	M	23/04/1969	52	Employé civil et agent de service de la fonction publique	02/07/2021		
				94	Corse					CAMPANA	Françoise	F	23/01/1970	42	Professeur des écoles, instituteur et assimilé	02/07/2021		
				94	Corse					CASANOVA-SERVAS	Marie-Hélène	F	04/01/1969	31	Profession libérale	02/07/2021		
				94	Corse					CHIARELLI-LUZI	Vannina	F	28/09/1971	37	Cadre administratif et commercial d'entreprise	02/07/2021		
				94	Corse					COGNETTI TURCHINI	Catherine	F	20/05/1964	56	Personnel des services directs aux particuliers	02/07/2021		
				94	Corse					COLOMBANI	Anne-Marie	F	16/09/1947	162	Retraité de l'enseignement (obsolète)	02/07/2021		
				94	Corse					COLONNA	Romain	M	21/02/1982	34	Professeur, profession scientifique	02/07/2021		
				94	Corse					COMBETTE	Christelle	F	16/03/1972	31	Profession libérale	02/07/2021		
				94	Corse					DUVAL	Santa	F	08/01/1967	22	Commerçant et assimilé	02/07/2021		
				94	Corse					FAGNI	Muriel	F	12/09/1958	118	Cadre supérieur (secteur privé) (obsolète)	02/07/2021		
				94	Corse					FILIPPI	Petru Antone	M	24/07/1991	34	Professeur, profession scientifique	02/07/2021		
				94	Corse					FRANCISCI	Lisa Annie	F	04/10/1994	84	Elève, étudiant	02/07/2021		
				94	Corse					GALLONI D'ISTRIA	Evelyne	F	20/04/1958	33	Cadre de la fonction publique	02/07/2021		
				94	Corse					GHIONGA	Pierre	M	05/09/1957	31	Profession libérale	02/07/2021		
				94	Corse					GIABICONI	Jean-Charles	M	29/05/1973	23	Chef d'entreprise de 10 salariés ou plus	02/07/2021		
				94	Corse					GIACOMETTI-PINEDDA	Josepha	F	05/08/1983	85	Personne diverse sans activité professionnelle de moins de 60 ans (sauf retraité)	02/07/2021		
				94	Corse					GUIDONI	Pierre	M	01/01/1959	72	Ancien artisan, commerçant, chef d'entreprise	02/07/2021		
				94	Corse					GUIDONI-DENSARI	Frédérique	F	07/05/1968	119	Autre cadre (secteur privé) (obsolète)	02/07/2021		
				94	Corse					LACOMBE	Xavier	M	08/06/1965	42	Professeur des écoles, instituteur et assimilé	02/07/2021		
				94	Corse					LE BOMIN	Vanina	F	12/03/1966	85	Personne diverse sans activité professionnelle de moins de 60 ans (sauf retraité)	02/07/2021		
				94	Corse					LE MAO	Ghjuvan'Santu	M	29/10/1981	31	Profession libérale	02/07/2021		
				94	Corse					LUCCHINI	Jean-Jacques	M	13/04/1964	101	Agriculteur propriétaire exploit. (obsolète)	02/07/2021		
				94	Corse					LUCCIONI	Don Joseph	M	05/07/1999	84	Elève, étudiant	02/07/2021		
				94	Corse					LUCIANI	Saveriu	M	24/03/1958	34	Professeur, profession scientifique	02/07/2021		
				94	Corse					MARCANGELI	Laurent	M	10/12/1980	85	Personne diverse sans activité professionnelle de moins de 60 ans (sauf retraité)	02/07/2021		
				94	Corse					MARCHETTI	Sandra	F	12/08/1992	85	Personne diverse sans activité professionnelle de moins de 60 ans (sauf retraité)	02/07/2021		
				94	Corse					MARIOTTI	Marie Thérèse	F	17/09/1963	85	Personne diverse sans activité professionnelle de moins de 60 ans (sauf retraité)	02/07/2021		
				94	Corse					MAUPERTUIS	Marie-Antoinette	F	10/04/1967	34	Professeur, profession scientifique	02/07/2021	Président de l'assemblée	02/07/2021
				94	Corse					MELA	Georges	M	29/04/1960	86	Personne diverse sans activité professionnelle de 60 ans et plus (sauf retraité)	02/07/2021		
				94	Corse					MONDOLONI	Jean-Martin	M	24/10/1968	33	Cadre de la fonction publique	02/07/2021		
				94	Corse					MOSCA	Paula	F	25/11/1976	34	Professeur, profession scientifique	02/07/2021		
				94	Corse					NIVAGGIONI	Nadine	F	13/02/1962	37	Cadre administratif et commercial d'entreprise	02/07/2021	Vice-président de l'assemblée	02/07/2021
				94	Corse					PANZANI	Jean-Paul	M	11/04/1949	77	Ancien employé	02/07/2021		
				94	Corse					PEDINIELLI	Chantal	F	02/07/1964	43	Profession intermédiaire de la santé et du travail social	02/07/2021		
				94	Corse					PIERI	Marie-Anne	F	24/02/1959	31	Profession libérale	02/07/2021		
				94	Corse					PIETRI	Véronique	F	30/05/1969	42	Professeur des écoles, instituteur et assimilé	02/07/2021		
				94	Corse					POLI	Antoine	M	16/09/1968	48	Contremaître, agent de maîtrise	02/07/2021		
				94	Corse					POLI	Pierre	M	13/01/1958	47	Technicien	02/07/2021		
				94	Corse					PONZEVERA	Juliette	F	17/03/1982	22	Commerçant et assimilé	02/07/2021		
				94	Corse					POZZO DI BORGO	Louis	M	24/04/1977	52	Employé civil et agent de service de la fonction publique	02/07/2021		
				94	Corse					QUASTANA	Paul	M	29/04/1951	74	Ancien cadre	02/07/2021		
				94	Corse					SANTUCCI	Anne-Laure	F	31/07/1965	42	Professeur des écoles, instituteur et assimilé	02/07/2021		
				94	Corse					SAVELLI	Jean-Michel	M	26/09/1960	31	Profession libérale	02/07/2021		
				94	Corse					SAVELLI	Joseph	M	27/03/1986	55	Employé de commerce	02/07/2021		
				94	Corse					SEATELLI	Jean-Louis	M	22/02/1947	31	Profession libérale	02/07/2021		
				94	Corse					SIMEONI	Gilles	M	20/04/1967	31	Profession libérale	02/07/2021	Président de l'organe exécutif	02/07/2021
				94	Corse					SORBA	François	M	28/07/1972	23	Chef d'entreprise de 10 salariés ou plus	02/07/2021		
				94	Corse					TERRIGHI	Charlotte	F	09/11/1955	37	Cadre administratif et commercial d'entreprise	02/07/2021		
				94	Corse					TIBERI	Julia	F	09/10/1981	31	Profession libérale	02/07/2021		
				94	Corse					VALDRIGHI	Hervé	M	01/05/1974	22	Commerçant et assimilé	02/07/2021		
				94	Corse					VANNI	Hyacinthe	M	27/10/1968	47	Technicien	02/07/2021	Vice-président de l'assemblée	02/07/2021
				973	Guyane	03ZC1	Guyane-Section De Cayenne			CHONG-SIT	Boris	M	11/04/1972	31	Profession libérale	02/07/2021		
				973	Guyane	03ZC1	Guyane-Section De Cayenne			DUCLONA	Bernadette	F	14/02/1983	42	Professeur des écoles, instituteur et assimilé	02/07/2021	Vice-président de l'assemblée	02/07/2021
				973	Guyane	03ZC1	Guyane-Section De Cayenne			SAID	Patricia	F	04/10/1962	62	Ouvrier qualifié de type industriel	02/07/2021	Vice-président de l'assemblée	02/07/2021
				973	Guyane	03ZC1	Guyane-Section De Cayenne			SERVILLE	Gabriel	M	27/09/1959	33	Cadre de la fonction publique	02/07/2021	Président de l'assemblée	02/07/2021
				973	Guyane	03ZC2	Guyane-Section De La Petite Couronne			ARON	Roger	M	25/04/1954	74	Ancien cadre	02/07/2021	Vice-président de l'assemblée	02/07/2021
				973	Guyane	03ZC2	Guyane-Section De La Petite Couronne			LECHAT-VEGA	Thibault	M	12/01/1988	33	Cadre de la fonction publique	02/07/2021	Vice-président de l'assemblée	02/07/2021
				973	Guyane	03ZC3	Guyane-Section De La Grande Couronne			CRESSON-IBRIS	Karine	F	17/06/1974	52	Employé civil et agent de service de la fonction publique	02/07/2021	Vice-président de l'assemblée	02/07/2021
				973	Guyane	03ZC7	Guyane-Section De Saint-Laurent-Du-Maroni			AMERICAIN	Jessi	M	08/04/1989	37	Cadre administratif et commercial d'entreprise	02/07/2021		
				973	Guyane	03ZC7	Guyane-Section De Saint-Laurent-Du-Maroni			CYRIAQUE	Samantha	F	09/03/1984	42	Professeur des écoles, instituteur et assimilé	02/07/2021	Vice-président de l'assemblée	02/07/2021
				973	Guyane	03ZC7	Guyane-Section De Saint-Laurent-Du-Maroni			DESMANGLES	Nelly	F	14/12/1967	33	Cadre de la fonction publique	02/07/2021		
				975	Saint-Pierre-Et-Miquelon					ARTANO	Stéphane	M	09/03/1973	119	Autre cadre (secteur privé) (obsolète)	19/03/2017	Autre membre	02/10/2017
				975	Saint-Pierre-Et-Miquelon					DETCHEVERRY	Michel	M	01/06/1959	77	Ancien employé	07/05/2018		
				975	Saint-Pierre-Et-Miquelon					SERIGNAT	Carole	F	24/01/1974	43	Profession intermédiaire de la santé et du travail social	30/09/2018		
				977	Saint-Barthélemy					AUBIN	Marie-Angèle	F	01/05/1964	37	Cadre administratif et commercial d'entreprise	26/03/2017		
				977	Saint-Barthélemy					BERNIER	Marie-Hélène	F	09/10/1974	22	Commerçant et assimilé	26/03/2017		
				977	Saint-Barthélemy					BORDJEL	Patrick	M	19/07/1951	31	Profession libérale	02/02/2018		
				977	Saint-Barthélemy					BRIN	Alfred	M	24/10/1981	52	Employé civil et agent de service de la fonction publique	26/03/2017		
				977	Saint-Barthélemy					COINTRE	Bettina	F	12/06/1981	42	Professeur des écoles, instituteur et assimilé	26/03/2017		
				977	Saint-Barthélemy					DANET	Séraphyn	F	24/08/1979	31	Profession libérale	26/03/2017		
				977	Saint-Barthélemy					DESOUCHES	Maxime	M	07/04/1963	37	Cadre administratif et commercial d'entreprise	26/03/2017		
				977	Saint-Barthélemy					DUFAU	Nils	M	04/03/1970	22	Commerçant et assimilé	26/03/2017	Vice-président de l'assemblée	26/03/2017
				977	Saint-Barthélemy					FEBRISSY	Corinne	F	27/12/1970	43	Profession intermédiaire de la santé et du travail social	26/03/2017		
				977	Saint-Barthélemy					GREAUX	Juliette	F	20/06/1966	37	Cadre administratif et commercial d'entreprise	26/03/2017		
				977	Saint-Barthélemy					GREAUX	Nicole	F	04/12/1956	34	Professeur, profession scientifique	26/03/2017	Vice-président de l'assemblée	26/03/2017
				977	Saint-Barthélemy					JACQUES	Micheline	F	08/10/1971	42	Professeur des écoles, instituteur et assimilé	26/03/2017		
				977	Saint-Barthélemy					LAPLACE	Andy	M	18/10/1975	34	Professeur, profession scientifique	26/03/2017	Vice-président de l'assemblée	26/03/2017
				977	Saint-Barthélemy					LAPLACE	Elodie	F	20/09/1978	37	Cadre administratif et commercial d'entreprise	26/03/2017		
				977	Saint-Barthélemy					LEDEE	Xavier	M	15/10/1980	54	Employé administratif d'entreprise	26/03/2017		
				977	Saint-Barthélemy					MAGRAS	Bruno	M	09/09/1951	23	Chef d'entreprise de 10 salariés ou plus	26/03/2017	Président de l'assemblée	26/03/2017
				977	Saint-Barthélemy					MAGRAS	Ernest	M	07/11/1962	47	Technicien	26/03/2017		
				977	Saint-Barthélemy					MAGRAS	Romaric	M	18/11/1979	47	Technicien	26/03/2017		
				977	Saint-Barthélemy					MATIGNON	Francius	M	21/09/1980	37	Cadre administratif et commercial d'entreprise	26/03/2017		
				978	Saint-Martin					ALIX-LABORDE	Pascale	F	26/01/1962	37	Cadre administratif et commercial d'entreprise	26/03/2017		
				978	Saint-Martin					ASCENT-GIBS	Maud	F	03/10/1945	75	Ancienne profession intermédiaire	26/03/2017		
				978	Saint-Martin					BENJAMIN	Jean-Raymond	M	28/09/1968	21	Artisan	26/03/2017		
				978	Saint-Martin					CARTI	Sophia	F	23/06/1975	22	Commerçant et assimilé	26/03/2017	Vice-président de l'assemblée	26/03/2017
				978	Saint-Martin					CHARBHE	Raj	M	26/11/1964	46	Profession intermédiaire administrative et commerciale des entreprises	26/03/2017		
				978	Saint-Martin					CHARVILLE	Jules	M	21/11/1952	37	Cadre administratif et commercial d'entreprise	26/03/2017		
				978	Saint-Martin					DAMASEAU	Valérie	F	04/11/1983	37	Cadre administratif et commercial d'entreprise	26/03/2017	Vice-président de l'assemblée	26/03/2017
				978	Saint-Martin					DAVIS	Bernadette	F	11/08/1949	46	Profession intermédiaire administrative et commerciale des entreprises	26/03/2017		
				978	Saint-Martin					GIBBS	Daniel	M	08/01/1968	46	Profession intermédiaire administrative et commerciale des entreprises	26/03/2017	Président de l'assemblée	26/03/2017
				978	Saint-Martin					GROS-DESORMEAUX	Hary	M	16/07/1968	37	Cadre administratif et commercial d'entreprise	24/09/2020		
				978	Saint-Martin					HAMLET	Jean-Sébastien	M	05/05/1984	47	Technicien	26/03/2017		
				978	Saint-Martin					LAKE	Ambroise	M	09/02/1978	47	Technicien	26/03/2017		
				978	Saint-Martin					MUSSINGTON	Louis	M	09/11/1961	42	Professeur des écoles, instituteur et assimilé	26/03/2017		
				978	Saint-Martin					NYUIADZI	Yawo	M	06/05/1955	31	Profession libérale	26/03/2017	Vice-président de l'assemblée	26/03/2017
				978	Saint-Martin					OGOUNDELE-TESSI	Marthe	F	14/10/1964	34	Professeur, profession scientifique	26/03/2017		
				978	Saint-Martin					PATRICK	Steven	M	11/03/1968	37	Cadre administratif et commercial d'entreprise	26/03/2017		
				978	Saint-Martin					PHILIPS	Annette	F	03/11/1958	37	Cadre administratif et commercial d'entreprise	26/03/2017		
				978	Saint-Martin					PIERRE	Alex	M	28/10/1981	46	Profession intermédiaire administrative et commerciale des entreprises	26/03/2017		
				978	Saint-Martin					PIPER	Romeo	M	26/12/1986	22	Commerçant et assimilé	27/10/2021		
				978	Saint-Martin					PÉTRUS	Annick	F	05/01/1961	42	Professeur des écoles, instituteur et assimilé	26/03/2017		
				978	Saint-Martin					RAMPHORT	Marie Dominique	F	28/10/1956	31	Profession libérale	26/03/2017		
				978	Saint-Martin					RIBOUD	Dominique	M	23/07/1946	31	Profession libérale	26/03/2017		
				978	Saint-Martin					SYLVESTRE	Yolande	F	30/08/1965	22	Commerçant et assimilé	26/03/2017		
				986	Wallis Et Futuna					BAUDRY	Frédéric	M	01/10/1967	142	Professeur du secondaire et techn. (obsolète)	26/03/2017	Vice-président de l'assemblée	26/11/2020
				986	Wallis Et Futuna					FELEU	Yannick	F	22/04/1970	120	Employé (secteur privé) (obsolète)	26/03/2017		
				986	Wallis Et Futuna					ILOAI	Nivaleta	F	25/05/1949	162	Retraité de l'enseignement (obsolète)	26/03/2017	Président de l'assemblée	26/11/2020
				986	Wallis Et Futuna					KOLIVAI	Mikaele Vanika	M	08/05/1986	55	Employé de commerce	01/11/2020		
				986	Wallis Et Futuna					KOLOKILAGI	Atoloto	M	21/11/1955	162	Retraité de l'enseignement (obsolète)	26/03/2017		
				986	Wallis Et Futuna					KULIMOETOKE	Mikaele	M	17/06/1963	53	Policier et militaire	26/03/2017		
				986	Wallis Et Futuna					LAKINA	Savelina	F	28/11/1957	162	Retraité de l'enseignement (obsolète)	26/03/2017		
				986	Wallis Et Futuna					LAUFILITOGA	Mireille Catherine Palemila	F	31/05/1969	109	Commercant (obsolète)	26/03/2017		
				986	Wallis Et Futuna					MAILAGI	Soane Paulo	M	17/10/1978	152	Employé (autres entrep. publiques) (obsolète)	26/03/2017		
				986	Wallis Et Futuna					MOTUKU	Sosefo	M	03/08/1965	120	Employé (secteur privé) (obsolète)	26/03/2017		
				986	Wallis Et Futuna					MULIAKAAKA	Munipoese	M	11/04/1974	152	Employé (autres entrep. publiques) (obsolète)	26/03/2017		
				986	Wallis Et Futuna					POLUTELE	Napole	M	25/06/1964	142	Professeur du secondaire et techn. (obsolète)	26/03/2017		
				986	Wallis Et Futuna					SAVEA	Toma Akino	M	20/01/1962	109	Commercant (obsolète)	26/03/2017		
				986	Wallis Et Futuna					SELUI	Marie-Louise	F	27/12/1976	157	Sans profession déclarée (obsolète)	26/03/2017		
				986	Wallis Et Futuna					SEO	Mikaele	M	27/12/1971	149	Fonctionnaire de catégorie C (obsolète)	26/03/2017		
				986	Wallis Et Futuna					TAGANE	Lavinia	F	09/05/1989	157	Sans profession déclarée (obsolète)	26/03/2017		
				986	Wallis Et Futuna					TALOMAFAIA	Tuliano	M	05/11/1975	137	Journaliste et autre média (obsolète)	26/03/2017		
				986	Wallis Et Futuna					TUKUMULI	Lafaele	M	05/11/1972	156	Autre profession (obsolète)	26/03/2017		
				986	Wallis Et Futuna					VAITOOTAI	Atelea	M	12/12/1962	111	Entrepreneur en batiments (obsolète)	26/03/2017		
				986	Wallis Et Futuna					VERGE	David	M	10/01/1972	109	Commercant (obsolète)	26/03/2017		
				987	Polynésie Française					BOURGADE	Maeva	F	23/01/1949	77	Ancien employé	24/03/2021		
				987	Polynésie Française					BOUTEAU	Nicole	F	20/01/1969	33	Cadre de la fonction publique	10/12/2021		
				987	Polynésie Française					FONG LOI	Charles	M	25/05/1949	34	Professeur, profession scientifique	18/05/2018		
				987	Polynésie Française					MARE IRITI	Teura	F	07/01/1965	156	Autre profession (obsolète)	07/05/2018		
				987	Polynésie Française					PEREZ	Antonio	M	02/09/1967	156	Autre profession (obsolète)	23/05/2018		
				987	Polynésie Française					ROHFRITSCH	Teva	M	03/02/1975	23	Chef d'entreprise de 10 salariés ou plus	03/10/2020		
				987	Polynésie Française					TAVAEARII	Wilfred	M	10/09/1961	77	Ancien employé	04/06/2020		
				988	Nouvelle-Calédonie					BACKES	Sonia	F	21/05/1976	113	Ingénieur (obsolète)	12/05/2019	Président de l'assemblée	12/05/2019
				988	Nouvelle-Calédonie					BACKES	Sonia	F	21/05/1976	113	Ingénieur (obsolète)	12/05/2019		
				988	Nouvelle-Calédonie					BARBIER-PONTONI	Marie-Jo	F	14/03/1962	154	Permanent politique (obsolète)	12/05/2019	Autre membre	12/05/2019
				988	Nouvelle-Calédonie					BARBIER-PONTONI	Marie-Jo	F	14/03/1962	154	Permanent politique (obsolète)	12/05/2019		
				988	Nouvelle-Calédonie					BLAISE	Philippe	M	04/08/1969	33	Cadre de la fonction publique	12/05/2019	Vice-président de l'assemblée	12/05/2019
				988	Nouvelle-Calédonie					BLAISE	Philippe	M	04/08/1969	33	Cadre de la fonction publique	12/05/2019		
				988	Nouvelle-Calédonie					BOUANOU	Ivana	F	09/12/1975	114	Agent technique et technicien (obsolète)	12/05/2019	Autre membre	12/05/2019
				988	Nouvelle-Calédonie					BRIAL	Gil	M	27/11/1973	23	Chef d'entreprise de 10 salariés ou plus	12/05/2019	Vice-président de l'assemblée	12/05/2019
				988	Nouvelle-Calédonie					BRIAL	Gil	M	27/11/1973	23	Chef d'entreprise de 10 salariés ou plus	12/05/2019		
				988	Nouvelle-Calédonie					BRINON	Lionnel	M	08/10/1970	33	Cadre de la fonction publique	12/05/2019	Autre membre	12/05/2019
				988	Nouvelle-Calédonie					BRINON	Lionnel	M	08/10/1970	33	Cadre de la fonction publique	12/05/2019		
				988	Nouvelle-Calédonie					CHIARA EPOUSE MONTAGNAT	Pascale	F	03/05/1980	23	Chef d'entreprise de 10 salariés ou plus	12/05/2019	Autre membre	12/05/2019
				988	Nouvelle-Calédonie					CHIARA EPOUSE MONTAGNAT	Pascale	F	03/05/1980	23	Chef d'entreprise de 10 salariés ou plus	12/05/2019		
				988	Nouvelle-Calédonie					CITRE	Basile Cici	M	01/01/1952	152	Employé (autres entrep. publiques) (obsolète)	12/05/2019	Autre membre	12/05/2019
				988	Nouvelle-Calédonie					COURTOT	Robert	M	18/10/1961	105	Industriel-Chef entreprise (obsolète)	12/05/2019	Autre membre	12/05/2019
				988	Nouvelle-Calédonie					CREUGNET	Jean Christophe Pierre	M	15/12/1973	23	Chef d'entreprise de 10 salariés ou plus	12/05/2019	Autre membre	12/05/2019
				988	Nouvelle-Calédonie					CREUGNET	Jean Christophe Pierre	M	15/12/1973	23	Chef d'entreprise de 10 salariés ou plus	12/05/2019		
				988	Nouvelle-Calédonie					CUENOT	Guy-Olivier	M	06/07/1966	23	Chef d'entreprise de 10 salariés ou plus	12/05/2019	Autre membre	12/05/2019
				988	Nouvelle-Calédonie					CUENOT	Guy-Olivier	M	06/07/1966	23	Chef d'entreprise de 10 salariés ou plus	12/05/2019		
				988	Nouvelle-Calédonie					DARRAS	Amandine	F	12/01/1988	42	Professeur des écoles, instituteur et assimilé	19/02/2021		
				988	Nouvelle-Calédonie					DJAIWE	Jean-Pierre	M	03/09/1955	143	Enseignant 1er deg.-directeur école (obsolète)	16/07/2021		
				988	Nouvelle-Calédonie					DUNOYER	Philippe	M	11/01/1968	147	Fonctionnaire de catégorie A (obsolète)	12/05/2019	Autre membre	12/05/2019
				988	Nouvelle-Calédonie					DUNOYER	Philippe	M	11/01/1968	147	Fonctionnaire de catégorie A (obsolète)	12/05/2019		
				988	Nouvelle-Calédonie					EURISOUKE	Valentine	F	23/07/1961	47	Technicien	06/08/2021		
				988	Nouvelle-Calédonie					FALAEO	Veylma	F	24/08/1982	52	Employé civil et agent de service de la fonction publique	12/05/2019	Autre membre	12/05/2019
				988	Nouvelle-Calédonie					FALAEO	Veylma	F	24/08/1982	52	Employé civil et agent de service de la fonction publique	12/05/2019		
				988	Nouvelle-Calédonie					FAVREAU	Jean-Gabriel	M	05/01/1985	33	Cadre de la fonction publique	12/05/2019	Autre membre	12/05/2019
				988	Nouvelle-Calédonie					FAVREAU	Jean-Gabriel	M	05/01/1985	33	Cadre de la fonction publique	12/05/2019		
				988	Nouvelle-Calédonie					FROGIER	Brieuc	M	11/09/1981	31	Profession libérale	12/05/2019	Autre membre	12/05/2019
				988	Nouvelle-Calédonie					FROGIER	Brieuc	M	11/09/1981	31	Profession libérale	12/05/2019		
				988	Nouvelle-Calédonie					GOA	Daniel	M	14/06/1953	11	Agriculteur sur petite exploitation	12/05/2019	Autre membre	12/05/2019
				988	Nouvelle-Calédonie					GOA	Daniel	M	14/06/1953	11	Agriculteur sur petite exploitation	12/05/2019		
				988	Nouvelle-Calédonie					GOA	Patricia Marie-Andrée	F	04/12/1969	52	Employé civil et agent de service de la fonction publique	12/05/2019	Autre membre	12/05/2019
				988	Nouvelle-Calédonie					GOA	Patricia Marie-Andrée	F	04/12/1969	52	Employé civil et agent de service de la fonction publique	12/05/2019		
				988	Nouvelle-Calédonie					GOMES	Philippe	M	27/10/1958	154	Permanent politique (obsolète)	12/05/2019	Autre membre	12/05/2019
				988	Nouvelle-Calédonie					GOMES	Philippe	M	27/10/1958	154	Permanent politique (obsolète)	12/05/2019		
				988	Nouvelle-Calédonie					GOROMIDO	Apangou	M	09/02/1959	85	Personne diverse sans activité professionnelle de moins de 60 ans (sauf retraité)	12/05/2019	Autre membre	12/05/2019
				988	Nouvelle-Calédonie					GOROMIDO	Apangou	M	09/02/1959	85	Personne diverse sans activité professionnelle de moins de 60 ans (sauf retraité)	12/05/2019		
				988	Nouvelle-Calédonie					HEO	Nadia	F	20/12/1967	143	Enseignant 1er deg.-directeur école (obsolète)	12/05/2019	Autre membre	12/05/2019
				988	Nouvelle-Calédonie					HEO	Nadia	F	20/12/1967	143	Enseignant 1er deg.-directeur école (obsolète)	12/05/2019		
				988	Nouvelle-Calédonie					HERLIN EPOUSE JALABERT	Nadine	F	04/10/1965	33	Cadre de la fonction publique	12/05/2019	Autre membre	12/05/2019
				988	Nouvelle-Calédonie					HERLIN EPOUSE JALABERT	Nadine	F	04/10/1965	33	Cadre de la fonction publique	12/05/2019		
				988	Nouvelle-Calédonie					JULIÉ	Nina	F	08/12/1979	142	Professeur du secondaire et techn. (obsolète)	12/05/2019	Autre membre	12/05/2019
				988	Nouvelle-Calédonie					KALOI EP BEARUNE	Isabelle	F	22/08/1970	120	Employé (secteur privé) (obsolète)	12/05/2019	Autre membre	12/05/2019
				988	Nouvelle-Calédonie					KALOI EP BEARUNE	Isabelle	F	22/08/1970	120	Employé (secteur privé) (obsolète)	12/05/2019		
				988	Nouvelle-Calédonie					KAPOERI	Robert	M	28/10/1954	162	Retraité de l'enseignement (obsolète)	12/05/2019	Vice-président de l'assemblée	12/05/2019
				988	Nouvelle-Calédonie					KAYS	Jean	M	15/11/1975	149	Fonctionnaire de catégorie C (obsolète)	12/05/2019	Autre membre	12/05/2019
				988	Nouvelle-Calédonie					KHAC	Emmanuelle	F	25/09/1988	11	Agriculteur sur petite exploitation	12/05/2019	Autre membre	12/05/2019
				988	Nouvelle-Calédonie					KHAC	Emmanuelle	F	25/09/1988	11	Agriculteur sur petite exploitation	12/05/2019		
				988	Nouvelle-Calédonie					KOUATHE	Inès	F	31/05/1975	157	Sans profession déclarée (obsolète)	12/05/2019	Autre membre	12/05/2019
				988	Nouvelle-Calédonie					KOUATHE	Inès	F	31/05/1975	157	Sans profession déclarée (obsolète)	12/05/2019		
				988	Nouvelle-Calédonie					KUIESINE EP WRIGHT	Kadrilé	F	14/10/1965	143	Enseignant 1er deg.-directeur école (obsolète)	12/05/2019	Autre membre	12/05/2019
				988	Nouvelle-Calédonie					KUIESINE EP WRIGHT	Kadrilé	F	14/10/1965	143	Enseignant 1er deg.-directeur école (obsolète)	12/05/2019		
				988	Nouvelle-Calédonie					LALIE	Jacques	M	06/12/1954	101	Agriculteur propriétaire exploit. (obsolète)	12/05/2019	Président de l'assemblée	12/05/2019
				988	Nouvelle-Calédonie					LALIE	Jacques	M	06/12/1954	101	Agriculteur propriétaire exploit. (obsolète)	12/05/2019		
				988	Nouvelle-Calédonie					LAVELLOI	Julienne Marie-Josée	F	16/08/1971	45	Profession intermédiaire administrative de la fonction publique	12/05/2019	Vice-président de l'assemblée	12/05/2019
				988	Nouvelle-Calédonie					MACHORO EP REIGNIER	Caroline	F	19/10/1952	163	Retraité fonct.publique (sf enseig.) (obsolète)	12/05/2019	Autre membre	12/05/2019
				988	Nouvelle-Calédonie					MACHORO EP REIGNIER	Caroline	F	19/10/1952	163	Retraité fonct.publique (sf enseig.) (obsolète)	12/05/2019		
				988	Nouvelle-Calédonie					MALFAR	Muriel	F	26/01/1968	149	Fonctionnaire de catégorie C (obsolète)	12/05/2019	Autre membre	12/05/2019
				988	Nouvelle-Calédonie					MALFAR	Muriel	F	26/01/1968	149	Fonctionnaire de catégorie C (obsolète)	12/05/2019		
				988	Nouvelle-Calédonie					MANUOHALALO	Magali	F	04/11/1971	31	Profession libérale	12/05/2019	Autre membre	12/05/2019
				988	Nouvelle-Calédonie					MANUOHALALO	Magali	F	04/11/1971	31	Profession libérale	12/05/2019		
				988	Nouvelle-Calédonie					METZDORF	Nicolas	M	20/05/1988	33	Cadre de la fonction publique	12/05/2019	Autre membre	12/05/2019
				988	Nouvelle-Calédonie					METZDORF	Nicolas	M	20/05/1988	33	Cadre de la fonction publique	12/05/2019		
				988	Nouvelle-Calédonie					MICHEL	Philippe	M	10/01/1960	147	Fonctionnaire de catégorie A (obsolète)	12/05/2019	Autre membre	12/05/2019
				988	Nouvelle-Calédonie					MICHEL	Philippe	M	10/01/1960	147	Fonctionnaire de catégorie A (obsolète)	12/05/2019		
				988	Nouvelle-Calédonie					NAISSELINE	Omayra	F	17/03/1986	33	Cadre de la fonction publique	12/05/2019	Vice-président de l'assemblée	12/05/2019
				988	Nouvelle-Calédonie					NAISSELINE	Omayra	F	17/03/1986	33	Cadre de la fonction publique	12/05/2019		
				988	Nouvelle-Calédonie					NEAOUTYINE	Paul Tyaou	M	12/10/1951	86	Personne diverse sans activité professionnelle de 60 ans et plus (sauf retraité)	12/05/2019	Président de l'assemblée	12/05/2019
				988	Nouvelle-Calédonie					NEAOUTYINE	Paul Tyaou	M	12/10/1951	86	Personne diverse sans activité professionnelle de 60 ans et plus (sauf retraité)	12/05/2019		
				988	Nouvelle-Calédonie					OUASSAOUA EP HONEME	Christiane	F	22/10/1979	157	Sans profession déclarée (obsolète)	12/05/2019	Autre membre	12/05/2019
				988	Nouvelle-Calédonie					PAAGALUA	Lionel	M	26/07/1972	52	Employé civil et agent de service de la fonction publique	12/05/2019	Autre membre	12/05/2019
				988	Nouvelle-Calédonie					PABOUTY	Sylvain	M	03/02/1963	154	Permanent politique (obsolète)	12/05/2019	Autre membre	12/05/2019
				988	Nouvelle-Calédonie					PABOUTY	Sylvain	M	03/02/1963	154	Permanent politique (obsolète)	12/05/2019		
				988	Nouvelle-Calédonie					PONGA	Alcide	M	23/05/1975	38	Ingénieur et cadre technique d'entreprise	12/05/2019	Autre membre	12/05/2019
				988	Nouvelle-Calédonie					PONGA	Alcide	M	23/05/1975	38	Ingénieur et cadre technique d'entreprise	12/05/2019		
				988	Nouvelle-Calédonie					QAEZE	Jinezi Annie	F	07/10/1988	113	Ingénieur (obsolète)	12/05/2019	Autre membre	12/05/2019
				988	Nouvelle-Calédonie					QAEZE	Jinezi Annie	F	07/10/1988	113	Ingénieur (obsolète)	12/05/2019		
				988	Nouvelle-Calédonie					RUFFENACH	Virginie	F	19/09/1973	142	Professeur du secondaire et techn. (obsolète)	12/05/2019	Autre membre	12/05/2019
				988	Nouvelle-Calédonie					RUFFENACH	Virginie	F	19/09/1973	142	Professeur du secondaire et techn. (obsolète)	12/05/2019		
				988	Nouvelle-Calédonie					SAKILIA	Marilyn Yvonne	F	06/03/1971	31	Profession libérale	12/05/2019	Autre membre	12/05/2019
				988	Nouvelle-Calédonie					SAKILIA	Marilyn Yvonne	F	06/03/1971	31	Profession libérale	12/05/2019		
				988	Nouvelle-Calédonie					SAKO	Aloisio	M	30/08/1948	163	Retraité fonct.publique (sf enseig.) (obsolète)	12/05/2019	Autre membre	12/05/2019
				988	Nouvelle-Calédonie					SAKO	Aloisio	M	30/08/1948	163	Retraité fonct.publique (sf enseig.) (obsolète)	19/02/2021		
				988	Nouvelle-Calédonie					SALIGA	Alesio	M	13/05/1962	157	Sans profession déclarée (obsolète)	12/05/2019	Autre membre	12/05/2019
				988	Nouvelle-Calédonie					SALIGA	Alesio	M	13/05/1962	157	Sans profession déclarée (obsolète)	12/05/2019		
				988	Nouvelle-Calédonie					SALIGA ÉP LUTOVIKA	Maria Isabella	F	09/12/1971	23	Chef d'entreprise de 10 salariés ou plus	12/05/2019	Autre membre	12/05/2019
				988	Nouvelle-Calédonie					SALIGA ÉP LUTOVIKA	Maria Isabella	F	09/12/1971	23	Chef d'entreprise de 10 salariés ou plus	12/05/2019		
				988	Nouvelle-Calédonie					SAO	Petelo Maximino	M	10/10/1980	33	Cadre de la fonction publique	12/05/2019	Autre membre	12/05/2019
				988	Nouvelle-Calédonie					SARIDJAN	Christiane	F	20/07/1967	33	Cadre de la fonction publique	12/05/2019	Autre membre	12/05/2019
				988	Nouvelle-Calédonie					SAWA	Pascal	M	10/03/1982	33	Cadre de la fonction publique	12/05/2019	Autre membre	12/05/2019
				988	Nouvelle-Calédonie					SAWA	Pascal	M	10/03/1982	33	Cadre de la fonction publique	12/05/2019		
				988	Nouvelle-Calédonie					SUVE	Françoise	F	28/12/1962	33	Cadre de la fonction publique	12/05/2019	Autre membre	12/05/2019
				988	Nouvelle-Calédonie					SUVE	Françoise	F	28/12/1962	33	Cadre de la fonction publique	12/05/2019		
				988	Nouvelle-Calédonie					TEIN-TAOUVA	Hervé Maguei	M	24/07/1976	85	Personne diverse sans activité professionnelle de moins de 60 ans (sauf retraité)	12/05/2019	Autre membre	12/05/2019
				988	Nouvelle-Calédonie					TIDJINE EP HMAE	Henriette	F	04/08/1966	45	Profession intermédiaire administrative de la fonction publique	12/05/2019	Autre membre	12/05/2019
				988	Nouvelle-Calédonie					TIDJINE EP HMAE	Henriette	F	04/08/1966	45	Profession intermédiaire administrative de la fonction publique	12/05/2019		
				988	Nouvelle-Calédonie					TIEOUE	Ithupane	F	14/03/1958	114	Agent technique et technicien (obsolète)	12/05/2019	Autre membre	12/05/2019
				988	Nouvelle-Calédonie					TIEOUE	Ithupane	F	14/03/1958	114	Agent technique et technicien (obsolète)	12/05/2019		
				988	Nouvelle-Calédonie					TINGAL	Magalie	F	18/10/1979	45	Profession intermédiaire administrative de la fonction publique	12/05/2019	Autre membre	12/05/2019
				988	Nouvelle-Calédonie					TRAN AP	Julien	M	26/10/1983	33	Cadre de la fonction publique	12/05/2019	Autre membre	12/05/2019
				988	Nouvelle-Calédonie					TRIPODI	Léa	F	25/01/1977	46	Profession intermédiaire administrative et commerciale des entreprises	12/05/2019	Autre membre	12/05/2019
				988	Nouvelle-Calédonie					TUFELE	Aniseta	F	21/04/1963	149	Fonctionnaire de catégorie C (obsolète)	12/05/2019	Autre membre	12/05/2019
				988	Nouvelle-Calédonie					TUFELE	Aniseta	F	21/04/1963	149	Fonctionnaire de catégorie C (obsolète)	12/05/2019		
				988	Nouvelle-Calédonie					TUKUMULI	Milakulo	M	19/01/1984	74	Ancien cadre	12/05/2019	Vice-président de l'assemblée	12/05/2019
				988	Nouvelle-Calédonie					TUKUMULI	Milakulo	M	19/01/1984	74	Ancien cadre	12/05/2019		
				988	Nouvelle-Calédonie					TUTUGORO	Pierre Chanel	M	31/12/1967	77	Ancien employé	12/05/2019	Autre membre	12/05/2019
				988	Nouvelle-Calédonie					TUTUGORO	Pierre Chanel	M	31/12/1967	77	Ancien employé	12/05/2019		
				988	Nouvelle-Calédonie					TUTUGORO	Victor	M	01/05/1956	143	Enseignant 1er deg.-directeur école (obsolète)	12/05/2019	Vice-président de l'assemblée	12/05/2019
				988	Nouvelle-Calédonie					TUTUGORO	Victor	M	01/05/1956	143	Enseignant 1er deg.-directeur école (obsolète)	12/05/2019		
				988	Nouvelle-Calédonie					VENDEGOU	Laura	F	04/12/1983	45	Profession intermédiaire administrative de la fonction publique	12/05/2019	Autre membre	12/05/2019
				988	Nouvelle-Calédonie					VENDEGOU	Laura	F	04/12/1983	45	Profession intermédiaire administrative de la fonction publique	12/05/2019		
				988	Nouvelle-Calédonie					VENDEGOU-HUE	Reine	F	16/06/1956	77	Ancien employé	12/05/2019	Autre membre	12/05/2019
				988	Nouvelle-Calédonie					WACKENTHALER EP FAIVRE	Nadège	F	03/01/1963	147	Fonctionnaire de catégorie A (obsolète)	12/05/2019	Vice-président de l'assemblée	12/05/2019
				988	Nouvelle-Calédonie					WACKENTHALER EP FAIVRE	Nadège	F	03/01/1963	147	Fonctionnaire de catégorie A (obsolète)	12/05/2019		
				988	Nouvelle-Calédonie					WAHETRA ÉPOUSE TEWANUI	Louise Walisaune	F	06/04/1970	42	Professeur des écoles, instituteur et assimilé	12/05/2019	Autre membre	12/05/2019
				988	Nouvelle-Calédonie					WAHETRA ÉPOUSE TEWANUI	Louise Walisaune	F	06/04/1970	42	Professeur des écoles, instituteur et assimilé	12/05/2019		
				988	Nouvelle-Calédonie					WAKA	Maria	F	27/09/1976	101	Agriculteur propriétaire exploit. (obsolète)	12/05/2019	Autre membre	12/05/2019
				988	Nouvelle-Calédonie					WAKA	Maria	F	27/09/1976	101	Agriculteur propriétaire exploit. (obsolète)	12/05/2019		
				988	Nouvelle-Calédonie					WAMYTAN	Roch	M	13/12/1950	154	Permanent politique (obsolète)	12/05/2019	Autre membre	12/05/2019
				988	Nouvelle-Calédonie					WAMYTAN	Roch	M	13/12/1950	154	Permanent politique (obsolète)	12/05/2019		
				988	Nouvelle-Calédonie					WANEUX	Mathias	M	16/10/1955	149	Fonctionnaire de catégorie C (obsolète)	12/05/2019	Autre membre	12/05/2019
				988	Nouvelle-Calédonie					WANEUX	Mathias	M	16/10/1955	149	Fonctionnaire de catégorie C (obsolète)	12/05/2019		
				988	Nouvelle-Calédonie					WASHETINE	Charles	M	04/11/1956	151	Cadre (entreprises publiques) (obsolète)	12/05/2019	Autre membre	12/05/2019
				988	Nouvelle-Calédonie					WASHETINE	Charles	M	04/11/1956	151	Cadre (entreprises publiques) (obsolète)	12/05/2019		
				988	Nouvelle-Calédonie					WATEOU	Naïa	F	16/04/1984	33	Cadre de la fonction publique	12/05/2019	Autre membre	12/05/2019
				988	Nouvelle-Calédonie					WATEOU	Naïa	F	16/04/1984	33	Cadre de la fonction publique	12/05/2019		
				988	Nouvelle-Calédonie					WEA	Anselme	M	13/04/1979	11	Agriculteur sur petite exploitation	12/05/2019	Autre membre	12/05/2019
				988	Nouvelle-Calédonie					WEISS	Wilfrid	M	31/03/1957	77	Ancien employé	12/05/2019	Autre membre	12/05/2019
				988	Nouvelle-Calédonie					YEIWENE	Charles	M	04/05/1966	120	Employé (secteur privé) (obsolète)	12/05/2019	Autre membre	12/05/2019
