Code du département;Libellé du département;Code de la collectivité à statut particulier;Libellé de la collectivité à statut particulier;Nom de l'élu;Prénom de l'élu;Code sexe;Date de naissance;Code de la catégorie socio-professionnelle;Libellé de la catégorie socio-professionnelle;Date de début du mandat
1;Ain;;;BLATRIX CONTAT;Florence;F;30/03/1966;34;Professeur, profession scientifique;01/10/2020
1;Ain;;;CHAIZE;Patrick;M;22/03/1963;85;Personne diverse sans activité professionnelle de moins de 60 ans (sauf retraité);01/10/2020
1;Ain;;;GOY-CHAVENT;Sylvie;F;23/05/1963;34;Professeur, profession scientifique;01/10/2020
2;Aisne;;;GRUNY;Pascale;F;18/02/1960;37;Cadre administratif et commercial d'entreprise;01/10/2020
2;Aisne;;;LEFEVRE;Antoine;M;18/02/1966;74;Ancien cadre;01/10/2020
2;Aisne;;;VERZELEN;Pierre-Jean;M;29/08/1983;85;Personne diverse sans activité professionnelle de moins de 60 ans (sauf retraité);01/10/2020
3;Allier;;;MALHURET;Claude;M;08/03/1950;74;Ancien cadre;01/10/2020
3;Allier;;;ROJOUAN;Bruno;M;06/03/1957;74;Ancien cadre;01/10/2020
4;Alpes-De-Haute-Provence;;;ROUX;Jean-Yves;M;18/01/1970;77;Ancien employé;01/10/2020
5;Hautes-Alpes;;;ARNAUD;Jean-Michel;M;28/04/1966;11;Agriculteur sur petite exploitation;01/10/2020
6;Alpes-Maritimes;;;BORCHIO FONTIMP;Alexandra;F;05/10/1981;85;Personne diverse sans activité professionnelle de moins de 60 ans (sauf retraité);01/10/2020
6;Alpes-Maritimes;;;DEMAS;Patricia;F;15/09/1966;37;Cadre administratif et commercial d'entreprise;01/10/2020
6;Alpes-Maritimes;;;ESTROSI-SASSONE;Dominique;F;14/11/1958;86;Personne diverse sans activité professionnelle de 60 ans et plus (sauf retraité);01/10/2020
6;Alpes-Maritimes;;;LEROY;Henri;M;31/03/1945;74;Ancien cadre;01/10/2020
6;Alpes-Maritimes;;;TABAROT;Philippe;M;25/11/1970;35;Profession de l'information, des arts et des spectacles;01/10/2020
7;Ardèche;;;DARNAUD;Mathieu;M;11/07/1975;46;Profession intermédiaire administrative et commerciale des entreprises;01/10/2020
7;Ardèche;;;VENTALON;Anne;F;07/01/1972;34;Professeur, profession scientifique;01/10/2020
8;Ardennes;;;JOSEPH;Else;F;24/12/1961;34;Professeur, profession scientifique;01/10/2020
8;Ardennes;;;LAMÉNIE;Marc;M;11/07/1956;56;Personnel des services directs aux particuliers;01/10/2020
9;Ariège;;;MICHAU;Jean-Jacques;M;23/07/1956;75;Ancienne profession intermédiaire;01/10/2020
10;Aube;;;PAOLI-GAGIN;Vanina;F;25/01/1967;31;Profession libérale;01/10/2020
10;Aube;;;PERROT;Evelyne;F;22/06/1951;86;Personne diverse sans activité professionnelle de 60 ans et plus (sauf retraité);01/10/2020
11;Aude;;;JOURDA;Gisèle;F;24/03/1955;33;Cadre de la fonction publique;01/10/2020
11;Aude;;;PLA;Sebastien;M;18/07/1977;37;Cadre administratif et commercial d'entreprise;01/10/2020
12;Aveyron;;;ANGLARS;Jean-Claude;M;20/02/1961;38;Ingénieur et cadre technique d'entreprise;01/10/2020
12;Aveyron;;;MARC;Alain;M;29/01/1957;74;Ancien cadre;01/10/2020
13;Bouches-Du-Rhône;;;BACCHI;Jérémy;M;08/03/1986;43;Profession intermédiaire de la santé et du travail social;01/10/2020
13;Bouches-Du-Rhône;;;BENARROCHE;Guy;M;25/07/1954;74;Ancien cadre;01/10/2020
13;Bouches-Du-Rhône;;;BOYER;Valérie;F;11/06/1962;33;Cadre de la fonction publique;01/10/2020
13;Bouches-Du-Rhône;;;CARLOTTI;Marie-Arlette;F;21/01/1952;37;Cadre administratif et commercial d'entreprise;01/10/2020
13;Bouches-Du-Rhône;;;DEVESA;Brigitte;F;03/03/1960;23;Chef d'entreprise de 10 salariés ou plus;06/07/2021
13;Bouches-Du-Rhône;;;JOUVE;Mireille;F;30/12/1960;34;Professeur, profession scientifique;21/03/2024
13;Bouches-Du-Rhône;;;LE RUDULIER;Stéphane;M;09/12/1973;34;Professeur, profession scientifique;01/10/2020
13;Bouches-Du-Rhône;;;RAVIER;Stéphane;M;04/08/1969;54;Employé administratif d'entreprise;01/10/2020
14;Calvados;;;ALLIZARD;Pascal;M;19/12/1962;33;Cadre de la fonction publique;01/10/2020
14;Calvados;;;DE LA PROVÔTÉ;Sonia;F;25/12/1968;43;Profession intermédiaire de la santé et du travail social;01/10/2020
14;Calvados;;;FÉRET;Corinne;F;17/09/1961;33;Cadre de la fonction publique;01/10/2020
15;Cantal;;;DELCROS;Bernard;M;12/02/1953;34;Professeur, profession scientifique;01/10/2020
15;Cantal;;;SAUTAREL;Stéphane;M;29/01/1965;31;Profession libérale;01/10/2020
16;Charente;;;BONNEAU;François;M;08/02/1958;31;Profession libérale;01/10/2020
16;Charente;;;BONNEFOY;Nicole;F;11/08/1958;33;Cadre de la fonction publique;01/10/2020
17;Charente-Maritime;;;IMBERT;Corinne;F;20/11/1958;31;Profession libérale;01/10/2020
17;Charente-Maritime;;;LAURENT;Daniel;M;04/02/1949;71;Ancien agriculteur exploitant;01/10/2020
17;Charente-Maritime;;;VALLET;Mickaël;M;26/05/1979;33;Cadre de la fonction publique;01/10/2020
18;Cher;;;POINTEREAU;Rémy;M;30/03/1953;71;Ancien agriculteur exploitant;01/10/2020
18;Cher;;;RICHER;Marie-Pierre;F;19/04/1963;85;Personne diverse sans activité professionnelle de moins de 60 ans (sauf retraité);01/10/2020
19;Corrèze;;;CHASSEING;Daniel;M;10/04/1945;31;Profession libérale;01/10/2020
19;Corrèze;;;NOUGEIN;Claude;M;04/12/1946;72;Ancien artisan, commerçant, chef d'entreprise;01/10/2020
21;Côte-D'Or;;;HOUPERT;Alain;M;13/08/1957;31;Profession libérale;01/10/2020
21;Côte-D'Or;;;LOISIER;Anne-Catherine;F;13/03/1969;37;Cadre administratif et commercial d'entreprise;01/10/2020
21;Côte-D'Or;;;PATRIAT;François;M;21/03/1943;31;Profession libérale;01/10/2020
22;Côtes-D'Armor;;;CADEC;Alain;M;21/06/1953;74;Ancien cadre;01/10/2020
22;Côtes-D'Armor;;;LAHELLEC;Gérard;M;04/04/1954;74;Ancien cadre;01/10/2020
22;Côtes-D'Armor;;;LE HOUEROU;Annie;F;31/03/1960;33;Cadre de la fonction publique;01/10/2020
23;Creuse;;;JEANSANNETAS;Eric;M;21/10/1962;42;Professeur des écoles, instituteur et assimilé;01/10/2020
23;Creuse;;;LOZACH;Jean-Jacques;M;08/02/1954;34;Professeur, profession scientifique;01/10/2020
24;Dordogne;;;MERILLOU;Serge;M;14/02/1952;77;Ancien employé;01/10/2020
24;Dordogne;;;VARAILLAS;Marie-Claude;F;18/12/1950;74;Ancien cadre;01/10/2020
25;Doubs;;;GROSPERRIN;Jacques;M;17/10/1955;34;Professeur, profession scientifique;01/10/2020
25;Doubs;;;JACQUEMET;Annick;F;20/01/1956;72;Ancien artisan, commerçant, chef d'entreprise;01/10/2020
25;Doubs;;;LONGEOT;Jean-François;M;27/12/1956;74;Ancien cadre;01/10/2020
26;Drôme;;;BOUCHET;Gilbert;M;08/01/1947;72;Ancien artisan, commerçant, chef d'entreprise;01/10/2020
26;Drôme;;;BUIS;Bernard;M;23/06/1956;74;Ancien cadre;01/10/2020
26;Drôme;;;MONIER;Marie-Pierre;F;28/02/1958;74;Ancien cadre;01/10/2020
27;Eure;;;DURANTON;Nicole;F;13/10/1958;45;Profession intermédiaire administrative de la fonction publique;02/11/2020
27;Eure;;;MAUREY;Hervé;M;07/05/1961;85;Personne diverse sans activité professionnelle de moins de 60 ans (sauf retraité);01/10/2020
27;Eure;;;PLUCHET;Kristina;F;01/05/1973;12;Agriculteur sur moyenne exploitation;01/10/2020
28;Eure-Et-Loir;;;DE MONTGOLFIER;Albéric;M;06/07/1964;31;Profession libérale;01/10/2020
28;Eure-Et-Loir;;;DESEYNE;Chantal;F;29/01/1957;34;Professeur, profession scientifique;01/10/2020
28;Eure-Et-Loir;;;GUERET;Daniel;M;17/04/1961;37;Cadre administratif et commercial d'entreprise;01/10/2020
29;Finistère;;;CANEVET;Michel;M;14/12/1960;37;Cadre administratif et commercial d'entreprise;01/10/2020
29;Finistère;;;FICHET;Jean-Luc;M;15/07/1953;74;Ancien cadre;01/10/2020
29;Finistère;;;HAVET;Nadège;F;30/12/1975;33;Cadre de la fonction publique;01/10/2020
29;Finistère;;;PAUL;Philippe;M;25/01/1965;37;Cadre administratif et commercial d'entreprise;01/10/2020
2A;Corse-Du-Sud;94;Corse;PANUNZI;Jean-Jacques;M;05/04/1956;72;Ancien artisan, commerçant, chef d'entreprise;01/10/2020
2B;Haute-Corse;94;Corse;PARIGI;Paul Toussaint;M;07/04/1966;33;Cadre de la fonction publique;01/10/2020
30;Gard;;;BOUAD;Denis;M;01/11/1952;71;Ancien agriculteur exploitant;01/10/2020
30;Gard;;;BURGOA;Laurent;M;04/02/1969;85;Personne diverse sans activité professionnelle de moins de 60 ans (sauf retraité);01/10/2020
30;Gard;;;LOPEZ;Vivette;F;27/12/1954;74;Ancien cadre;01/10/2020
31;Haute-Garonne;;;CHATILLON;Alain;M;15/03/1943;74;Ancien cadre;01/10/2020
31;Haute-Garonne;;;MEDEVIELLE;Pierre;M;17/04/1960;31;Profession libérale;01/10/2020
31;Haute-Garonne;;;MICOULEAU;Brigitte;F;10/09/1951;74;Ancien cadre;01/10/2020
31;Haute-Garonne;;;POUMIROL;Emilienne;F;25/07/1950;31;Profession libérale;01/10/2020
31;Haute-Garonne;;;RAYNAL;Claude;M;10/10/1957;33;Cadre de la fonction publique;01/10/2020
32;Gers;;;DUFFOURG;Alain;M;22/01/1950;31;Profession libérale;01/10/2020
32;Gers;;;MONTAUGE;Franck;M;14/09/1961;38;Ingénieur et cadre technique d'entreprise;01/10/2020
33;Gironde;;;CAZABONNE;Alain;M;25/08/1944;86;Personne diverse sans activité professionnelle de 60 ans et plus (sauf retraité);01/10/2020
33;Gironde;;;DE MARCO;Monique;F;12/11/1953;34;Professeur, profession scientifique;01/10/2020
33;Gironde;;;DELATTRE;Nathalie;F;02/12/1968;85;Personne diverse sans activité professionnelle de moins de 60 ans (sauf retraité);01/10/2020
33;Gironde;;;GILLÉ;Hervé;M;09/10/1960;74;Ancien cadre;01/10/2020
33;Gironde;;;HARRIBEY;Laurence;F;08/02/1953;77;Ancien employé;01/10/2020
33;Gironde;;;LASSARADE;Florence;F;18/08/1957;31;Profession libérale;01/10/2020
34;Hérault;;;BILHAC;Christian;M;10/04/1955;75;Ancienne profession intermédiaire;01/10/2020
34;Hérault;;;BOURGI;Hussein;M;05/10/1973;85;Personne diverse sans activité professionnelle de moins de 60 ans (sauf retraité);01/10/2020
34;Hérault;;;CABANEL;Henri;M;09/03/1959;12;Agriculteur sur moyenne exploitation;01/10/2020
34;Hérault;;;GRAND;Jean-Pierre;M;18/11/1950;74;Ancien cadre;01/10/2020
35;Ille-Et-Vilaine;;;DE LEGGE;Dominique;M;18/02/1952;74;Ancien cadre;01/10/2020
35;Ille-Et-Vilaine;;;GATEL;Françoise;F;14/03/1953;74;Ancien cadre;01/10/2020
35;Ille-Et-Vilaine;;;ROBERT;Sylvie;F;28/08/1963;35;Profession de l'information, des arts et des spectacles;01/10/2020
35;Ille-Et-Vilaine;;;SALMON;Daniel;M;21/10/1962;74;Ancien cadre;01/10/2020
36;Indre;;;BELLUROT;Nadine;F;05/04/1965;33;Cadre de la fonction publique;01/10/2020
36;Indre;;;GERBAUD;Frédérique;F;03/07/1959;74;Ancien cadre;01/10/2020
37;Indre-Et-Loire;;;LOUAULT;Vincent;M;24/05/1972;12;Agriculteur sur moyenne exploitation;02/10/2023
37;Indre-Et-Loire;;;PAUMIER;Jean-Gérard;M;26/07/1952;33;Cadre de la fonction publique;02/10/2023
37;Indre-Et-Loire;;;ROIRON;Pierre-Alain;M;18/10/1967;33;Cadre de la fonction publique;02/10/2023
38;Isère;;;GONTARD;Guillaume;M;11/03/1971;31;Profession libérale;02/10/2023
38;Isère;;;MICHALLET;Damien;M;31/05/1975;37;Cadre administratif et commercial d'entreprise;02/10/2023
38;Isère;;;PUISSAT;Frédérique;F;04/11/1967;85;Personne diverse sans activité professionnelle de moins de 60 ans (sauf retraité);02/10/2023
38;Isère;;;RAMBAUD;Didier;M;12/05/1959;74;Ancien cadre;02/10/2023
38;Isère;;;SAVIN;Michel;M;25/11/1958;85;Personne diverse sans activité professionnelle de moins de 60 ans (sauf retraité);02/10/2023
39;Jura;;;PERNOT;Clément;M;21/12/1961;86;Personne diverse sans activité professionnelle de 60 ans et plus (sauf retraité);02/10/2023
39;Jura;;;VERMEILLET;Sylvie;F;10/06/1967;85;Personne diverse sans activité professionnelle de moins de 60 ans (sauf retraité);02/10/2023
40;Landes;;;KERROUCHE;Éric;M;02/10/1967;34;Professeur, profession scientifique;02/10/2023
40;Landes;;;LUBIN;Monique;F;16/07/1963;33;Cadre de la fonction publique;02/10/2023
41;Loir-Et-Cher;;;BRAULT;Jean-Luc;M;28/10/1950;72;Ancien artisan, commerçant, chef d'entreprise;02/10/2023
41;Loir-Et-Cher;;;PILLEFER;Bernard;M;23/10/1956;74;Ancien cadre;02/10/2023
42;Loire;;;CUKIERMAN;Cécile;F;26/04/1976;42;Professeur des écoles, instituteur et assimilé;02/10/2023
42;Loire;;;REYNAUD;Hervé;M;04/07/1972;33;Cadre de la fonction publique;02/10/2023
42;Loire;;;ROCHETTE;Pierre-Jean;M;01/02/1982;23;Chef d'entreprise de 10 salariés ou plus;02/10/2023
42;Loire;;;TISSOT;Jean-Claude;M;22/09/1963;33;Cadre de la fonction publique;02/10/2023
43;Haute-Loire;;;CIGOLOTTI;Olivier;M;16/08/1963;74;Ancien cadre;02/10/2023
43;Haute-Loire;;;DUPLOMB;Laurent;M;24/10/1971;12;Agriculteur sur moyenne exploitation;02/10/2023
44;Loire-Atlantique;;;DANIEL;Karine;F;22/06/1974;34;Professeur, profession scientifique;02/10/2023
44;Loire-Atlantique;;;DANTEC;Ronan;M;05/08/1963;35;Profession de l'information, des arts et des spectacles;02/10/2023
44;Loire-Atlantique;;;GARNIER;Laurence;F;03/04/1978;37;Cadre administratif et commercial d'entreprise;02/10/2023
44;Loire-Atlantique;;;GROSVALET;Philippe;M;13/04/1958;74;Ancien cadre;02/10/2023
44;Loire-Atlantique;;;GUERRIAU;Joël;M;09/11/1957;74;Ancien cadre;02/10/2023
45;Loiret;;;CHAILLOU;Christophe;M;13/11/1964;33;Cadre de la fonction publique;02/10/2023
45;Loiret;;;MARTIN;Pauline;F;25/09/1966;37;Cadre administratif et commercial d'entreprise;02/10/2023
45;Loiret;;;SAURY;Hugues;M;12/11/1958;31;Profession libérale;02/10/2023
46;Lot;;;DAUBET;Raphaël;M;17/01/1977;31;Profession libérale;02/10/2023
46;Lot;;;VAYSSOUZE-FAURE;Jean-Marc;M;30/05/1972;33;Cadre de la fonction publique;02/10/2023
47;Lot-Et-Garonne;;;BONFANTI-DOSSAT;Christine;F;25/05/1956;74;Ancien cadre;02/10/2023
47;Lot-Et-Garonne;;;MASSET;Michel;M;09/10/1965;22;Commerçant et assimilé;02/10/2023
48;Lozère;;;PANTEL;Guylène;F;14/12/1963;33;Cadre de la fonction publique;02/10/2023
49;Maine-Et-Loire;;;BLANC;Grégory;M;01/09/1980;22;Commerçant et assimilé;02/10/2023
49;Maine-Et-Loire;;;BOURCIER;Corinne;F;05/05/1969;54;Employé administratif d'entreprise;02/10/2023
49;Maine-Et-Loire;;;CAPUS;Emmanuel;M;23/06/1974;31;Profession libérale;02/10/2023
49;Maine-Et-Loire;;;PIEDNOIR;Stéphane;M;25/02/1970;34;Professeur, profession scientifique;02/10/2023
50;Manche;;;BAS;Philippe;M;20/07/1958;33;Cadre de la fonction publique;02/10/2023
50;Manche;;;FAGNEN;Sébastien;M;08/11/1987;85;Personne diverse sans activité professionnelle de moins de 60 ans (sauf retraité);02/10/2023
50;Manche;;;GOSSELIN;Béatrice;F;27/03/1958;42;Professeur des écoles, instituteur et assimilé;02/10/2023
51;Marne;;;BRUYEN;Christian;M;30/03/1959;42;Professeur des écoles, instituteur et assimilé;02/10/2023
51;Marne;;;CHEVALIER;Cédric;M;10/03/1973;23;Chef d'entreprise de 10 salariés ou plus;02/10/2023
51;Marne;;;ROMAGNY;Anne-Sophie;F;31/12/1977;31;Profession libérale;02/10/2023
52;Haute-Marne;;;NÉDÉLEC;Anne-Marie;F;23/05/1953;74;Ancien cadre;02/10/2023
52;Haute-Marne;;;SIDO;Bruno;M;19/02/1951;38;Ingénieur et cadre technique d'entreprise;02/10/2023
53;Mayenne;;;CHEVROLLIER;Guillaume;M;27/10/1974;37;Cadre administratif et commercial d'entreprise;02/10/2023
53;Mayenne;;;DOINEAU;Elisabeth;F;07/04/1961;86;Personne diverse sans activité professionnelle de 60 ans et plus (sauf retraité);02/10/2023
54;Meurthe-Et-Moselle;;;GUILLOTIN;Véronique;F;03/11/1962;31;Profession libérale;02/10/2023
54;Meurthe-Et-Moselle;;;HUSSON;Jean-François;M;17/04/1961;77;Ancien employé;02/10/2023
54;Meurthe-Et-Moselle;;;JACQUIN;Olivier;M;08/05/1964;12;Agriculteur sur moyenne exploitation;02/10/2023
54;Meurthe-Et-Moselle;;;SILVANI;Silvana;F;14/03/1960;74;Ancien cadre;02/10/2023
55;Meuse;;;ANTOINE;Jocelyne;F;03/07/1961;86;Personne diverse sans activité professionnelle de 60 ans et plus (sauf retraité);02/10/2023
55;Meuse;;;MENONVILLE;Franck;M;03/10/1972;13;Agriculteur sur grande exploitation;02/10/2023
56;Morbihan;;;BLEUNVEN;Yves;M;02/02/1963;23;Chef d'entreprise de 10 salariés ou plus;02/10/2023
56;Morbihan;;;JOURDA;Muriel;F;27/10/1967;31;Profession libérale;02/10/2023
56;Morbihan;;;UZENAT;Simon;M;15/04/1985;31;Profession libérale;02/10/2023
57;Moselle;;;BELRHITI;Catherine;F;10/08/1962;42;Professeur des écoles, instituteur et assimilé;02/10/2023
57;Moselle;;;HERZOG;Christine;F;30/12/1968;23;Chef d'entreprise de 10 salariés ou plus;02/10/2023
57;Moselle;;;KHALIFÉ;Khalifé;M;10/10/1953;31;Profession libérale;02/10/2023
57;Moselle;;;MIZZON;Jean-Marie;M;31/03/1956;74;Ancien cadre;02/10/2023
57;Moselle;;;WEBER;Michaël;M;17/03/1974;31;Profession libérale;02/10/2023
58;Nièvre;;;JOLY;Patrice;M;05/05/1957;33;Cadre de la fonction publique;02/10/2023
58;Nièvre;;;SOLLOGOUB;Nadia;F;09/11/1961;86;Personne diverse sans activité professionnelle de 60 ans et plus (sauf retraité);02/10/2023
59;Nord;;;BOCQUET;Eric;M;08/11/1957;34;Professeur, profession scientifique;02/10/2023
59;Nord;;;CAMBIER;Guislain;M;18/07/1971;33;Cadre de la fonction publique;02/10/2023
59;Nord;;;DAUBRESSE;Marc-Philippe;M;01/08/1953;38;Ingénieur et cadre technique d'entreprise;02/10/2023
59;Nord;;;DHERSIN;Franck;M;18/06/1962;37;Cadre administratif et commercial d'entreprise;02/10/2023
59;Nord;;;GRÉAUME;Michelle;F;30/10/1967;33;Cadre de la fonction publique;02/10/2023
59;Nord;;;HENNO;Olivier;M;21/04/1962;37;Cadre administratif et commercial d'entreprise;02/10/2023
59;Nord;;;HOCHART;Joshua;M;25/08/1987;33;Cadre de la fonction publique;02/10/2023
59;Nord;;;KANNER;Patrick;M;29/04/1957;74;Ancien cadre;02/10/2023
59;Nord;;;LERMYTTE;Marie-Claude;F;04/06/1965;43;Profession intermédiaire de la santé et du travail social;02/10/2023
59;Nord;;;LINKENHELD;Audrey;F;11/10/1973;37;Cadre administratif et commercial d'entreprise;02/10/2023
59;Nord;;;WATTEBLED;Dany;M;22/11/1951;22;Commerçant et assimilé;02/10/2023
60;Oise;;;COURTIAL;Edouard;M;28/06/1973;37;Cadre administratif et commercial d'entreprise;02/10/2023
60;Oise;;;OUIZILLE;Alexandre;M;18/06/1988;34;Professeur, profession scientifique;02/10/2023
60;Oise;;;PACCAUD;Olivier;M;13/04/1969;34;Professeur, profession scientifique;02/10/2023
60;Oise;;;VALENTE LE HIR;Sylvie;F;17/01/1965;85;Personne diverse sans activité professionnelle de moins de 60 ans (sauf retraité);02/10/2023
61;Orne;;;BITZ;Olivier;M;16/09/1975;33;Cadre de la fonction publique;02/10/2023
61;Orne;;;GOULET;Nathalie;F;24/05/1958;31;Profession libérale;02/10/2023
62;Pas-De-Calais;;;APOURCEAU-POLY;Cathy;F;18/04/1965;33;Cadre de la fonction publique;02/10/2023
62;Pas-De-Calais;;;CORBISEZ;Jean-Pierre;M;07/03/1960;38;Ingénieur et cadre technique d'entreprise;02/10/2023
62;Pas-De-Calais;;;DARRAS;Jérôme;M;30/10/1957;74;Ancien cadre;02/10/2023
62;Pas-De-Calais;;;GACQUERRE;Amel;F;20/12/1976;31;Profession libérale;02/10/2023
62;Pas-De-Calais;;;RAPIN;Jean-François;M;11/05/1966;31;Profession libérale;02/10/2023
62;Pas-De-Calais;;;SZCZUREK;Christopher;M;11/06/1985;45;Profession intermédiaire administrative de la fonction publique;02/10/2023
62;Pas-De-Calais;;;VANLERENBERGHE;Jean-Marie;M;29/03/1939;74;Ancien cadre;02/10/2023
63;Puy-De-Dôme;;;BOYER;Jean-Marc;M;24/02/1954;74;Ancien cadre;02/10/2023
63;Puy-De-Dôme;;;CANALÈS;Marion;F;15/01/1980;33;Cadre de la fonction publique;02/10/2023
63;Puy-De-Dôme;;;GOLD;Éric;M;07/06/1964;42;Professeur des écoles, instituteur et assimilé;02/10/2023
64;Pyrénées-Atlantiques;;;BRISSON;Max;M;08/03/1957;33;Cadre de la fonction publique;02/10/2023
64;Pyrénées-Atlantiques;;;ESPAGNAC;Frédérique;F;19/04/1972;37;Cadre administratif et commercial d'entreprise;02/10/2023
64;Pyrénées-Atlantiques;;;SAINT-PÉ;Denise;F;05/01/1951;63;Ouvrier qualifié de type artisanal;02/10/2023
65;Hautes-Pyrénées;;;ARTIGALAS;Viviane;F;22/10/1956;74;Ancien cadre;02/10/2023
65;Hautes-Pyrénées;;;CARRÈRE;Maryse;F;08/04/1967;33;Cadre de la fonction publique;02/10/2023
66;Pyrénées-Orientales;;;JOSENDE;Lauriane;F;13/06/1977;31;Profession libérale;02/10/2023
66;Pyrénées-Orientales;;;SOL;Jean;M;03/06/1952;74;Ancien cadre;02/10/2023
67;Bas-Rhin;;;FERNIQUE;Jacques;M;13/11/1961;34;Professeur, profession scientifique;01/10/2020
67;Bas-Rhin;;;KERN;Claude;M;13/03/1959;34;Professeur, profession scientifique;01/10/2020
67;Bas-Rhin;;;MULLER-BRONN;Laurence;F;04/11/1961;31;Profession libérale;01/10/2020
67;Bas-Rhin;;;REICHARDT;André;M;05/12/1949;74;Ancien cadre;01/10/2020
67;Bas-Rhin;;;SCHALCK;Elsa;F;04/12/1986;31;Profession libérale;01/10/2020
68;Haut-Rhin;;;DREXLER;Sabine;F;17/08/1963;42;Professeur des écoles, instituteur et assimilé;01/10/2020
68;Haut-Rhin;;;HAYE;Ludovic;M;18/01/1975;33;Cadre de la fonction publique;01/10/2020
68;Haut-Rhin;;;KLINGER;Christian;M;15/12/1968;37;Cadre administratif et commercial d'entreprise;01/10/2020
68;Haut-Rhin;;;SCHILLINGER;Patricia;F;18/01/1963;77;Ancien employé;01/10/2020
69;Rhône;;;BLANC;Étienne;M;29/08/1954;31;Profession libérale;01/10/2020
69;Rhône;;;BUFFET;François-Noël;M;28/08/1963;31;Profession libérale;01/10/2020
69;Rhône;;;DEVINAZ;Gilbert-Luc;M;19/07/1953;74;Ancien cadre;01/10/2020
69;Rhône;;;DI FOLCO;Catherine;F;30/11/1960;85;Personne diverse sans activité professionnelle de moins de 60 ans (sauf retraité);01/10/2020
69;Rhône;;;DOSSUS;Thomas;M;28/07/1982;46;Profession intermédiaire administrative et commerciale des entreprises;01/10/2020
69;Rhône;;;FIALAIRE;Bernard;M;13/09/1957;31;Profession libérale;01/10/2020
69;Rhône;;;PONCET;Raymonde;F;01/08/1951;37;Cadre administratif et commercial d'entreprise;01/10/2020
70;Haute-Saône;;;JOYANDET;Alain;M;15/01/1954;72;Ancien artisan, commerçant, chef d'entreprise;01/10/2020
70;Haute-Saône;;;RIETMANN;Olivier;M;22/11/1971;12;Agriculteur sur moyenne exploitation;01/10/2020
71;Saône-Et-Loire;;;DURAIN;Jérôme;M;02/06/1969;33;Cadre de la fonction publique;01/10/2020
71;Saône-Et-Loire;;;GENET;Fabien;M;22/03/1975;46;Profession intermédiaire administrative et commerciale des entreprises;01/10/2020
71;Saône-Et-Loire;;;MERCIER;Marie;F;16/06/1958;31;Profession libérale;01/10/2020
72;Sarthe;;;COZIC;Thierry;M;09/02/1973;33;Cadre de la fonction publique;01/10/2020
72;Sarthe;;;DE NICOLAY;Louis-Jean;M;18/09/1949;86;Personne diverse sans activité professionnelle de 60 ans et plus (sauf retraité);01/10/2020
72;Sarthe;;;VOGEL;Jean Pierre;M;07/08/1956;31;Profession libérale;01/10/2020
73;Savoie;;;BERTHET;Martine;F;27/03/1961;72;Ancien artisan, commerçant, chef d'entreprise;01/10/2020
73;Savoie;;;VIAL;Cédric;M;25/03/1978;85;Personne diverse sans activité professionnelle de moins de 60 ans (sauf retraité);01/10/2020
74;Haute-Savoie;;;HERVÉ;Loïc;M;08/06/1980;33;Cadre de la fonction publique;01/10/2020
74;Haute-Savoie;;;NOEL;Sylviane;F;27/01/1978;85;Personne diverse sans activité professionnelle de moins de 60 ans (sauf retraité);01/10/2020
74;Haute-Savoie;;;PELLEVAT;Cyril;M;18/02/1981;37;Cadre administratif et commercial d'entreprise;01/10/2020
75;Paris;;;BROSSAT;Ian;M;23/04/1980;34;Professeur, profession scientifique;02/10/2023
75;Paris;;;BROSSEL;Colombe;F;19/04/1976;37;Cadre administratif et commercial d'entreprise;02/10/2023
75;Paris;;;CARRERE-GEE;Marie-Claire;F;23/03/1963;33;Cadre de la fonction publique;02/10/2023
75;Paris;;;DE LA GONTRIE;Marie-Pierre;F;18/12/1958;31;Profession libérale;02/10/2023
75;Paris;;;DUMAS;Catherine;F;13/07/1957;86;Personne diverse sans activité professionnelle de 60 ans et plus (sauf retraité);02/10/2023
75;Paris;;;EVREN;Agnès;F;27/12/1970;52;Employé civil et agent de service de la fonction publique;02/10/2023
75;Paris;;;FÉRAUD;Rémi;M;24/08/1971;33;Cadre de la fonction publique;02/10/2023
75;Paris;;;GUHL;Antoinette;F;10/06/1970;37;Cadre administratif et commercial d'entreprise;02/10/2023
75;Paris;;;JADOT;Yannick;M;27/07/1967;37;Cadre administratif et commercial d'entreprise;02/10/2023
75;Paris;;;JOMIER;Bernard;M;09/10/1963;31;Profession libérale;02/10/2023
75;Paris;;;SOUYRIS;Anne;F;29/08/1964;42;Professeur des écoles, instituteur et assimilé;02/10/2023
75;Paris;;;SZPINER;Francis;M;22/03/1954;31;Profession libérale;02/10/2023
76;Seine-Maritime;;;BRULIN;Céline;F;04/03/1970;33;Cadre de la fonction publique;01/10/2020
76;Seine-Maritime;;;CANAYER;Agnès;F;21/09/1965;85;Personne diverse sans activité professionnelle de moins de 60 ans (sauf retraité);01/10/2020
76;Seine-Maritime;;;CHAUVET;Patrick;M;27/03/1958;12;Agriculteur sur moyenne exploitation;01/10/2020
76;Seine-Maritime;;;MARIE;Didier;M;19/05/1960;42;Professeur des écoles, instituteur et assimilé;01/10/2020
76;Seine-Maritime;;;MARTIN;Pascal;M;07/03/1960;74;Ancien cadre;01/10/2020
76;Seine-Maritime;;;MORIN-DESAILLY;Catherine;F;06/07/1960;34;Professeur, profession scientifique;01/10/2020
77;Seine-Et-Marne;;;CHAIN-LARCHÉ;Anne;F;11/04/1958;86;Personne diverse sans activité professionnelle de 60 ans et plus (sauf retraité);02/10/2023
77;Seine-Et-Marne;;;CUYPERS;Pierre;M;23/03/1944;12;Agriculteur sur moyenne exploitation;02/10/2023
77;Seine-Et-Marne;;;DUROX;Aymeric;M;06/08/1985;34;Professeur, profession scientifique;02/10/2023
77;Seine-Et-Marne;;;MARGATÉ;Marianne;F;17/09/1971;33;Cadre de la fonction publique;02/10/2023
77;Seine-Et-Marne;;;VOGEL;Louis;M;22/10/1954;34;Professeur, profession scientifique;02/10/2023
77;Seine-Et-Marne;;;ÉBLÉ;Vincent;M;15/10/1957;86;Personne diverse sans activité professionnelle de 60 ans et plus (sauf retraité);02/10/2023
78;Yvelines;;;DE CIDRAC;Marta;F;13/06/1964;31;Profession libérale;02/10/2023
78;Yvelines;;;LARCHER;Gérard;M;14/09/1949;31;Profession libérale;02/10/2023
78;Yvelines;;;LAUGIER;Michel;M;11/07/1956;35;Profession de l'information, des arts et des spectacles;02/10/2023
78;Yvelines;;;LÉVRIER;Martin;M;30/10/1962;37;Cadre administratif et commercial d'entreprise;02/10/2023
78;Yvelines;;;PRIMAS;Sophie;F;07/06/1962;86;Personne diverse sans activité professionnelle de 60 ans et plus (sauf retraité);02/10/2023
78;Yvelines;;;SENÉE;Ghislaine;F;14/02/1969;85;Personne diverse sans activité professionnelle de moins de 60 ans (sauf retraité);02/10/2023
79;Deux-Sèvres;;;FAVREAU;Gilbert;M;04/05/1949;31;Profession libérale;01/10/2020
79;Deux-Sèvres;;;MOUILLER;Philippe;M;20/09/1969;33;Cadre de la fonction publique;01/10/2020
80;Somme;;;CARDON;Rémi;M;03/05/1994;37;Cadre administratif et commercial d'entreprise;01/10/2020
80;Somme;;;DEMILLY;Stéphane;M;26/06/1963;31;Profession libérale;01/10/2020
80;Somme;;;SOMON;Laurent;M;28/12/1957;31;Profession libérale;01/10/2020
81;Tarn;;;BONNECARRERE;Philippe;M;12/07/1955;31;Profession libérale;01/10/2020
81;Tarn;;;FOLLIOT;Philippe;M;14/07/1963;85;Personne diverse sans activité professionnelle de moins de 60 ans (sauf retraité);01/10/2020
82;Tarn-Et-Garonne;;;BONHOMME;François;M;05/05/1969;74;Ancien cadre;01/10/2020
82;Tarn-Et-Garonne;;;LEVI;Pierre-Antoine;M;15/05/1965;37;Cadre administratif et commercial d'entreprise;01/10/2020
83;Var;;;BACCI;Jean;M;17/03/1951;74;Ancien cadre;01/10/2020
83;Var;;;BONNUS;Michel;M;14/04/1965;22;Commerçant et assimilé;01/10/2020
83;Var;;;DUMONT;Françoise;F;09/04/1965;31;Profession libérale;01/10/2020
83;Var;;;GUIOL;André;M;28/06/1954;74;Ancien cadre;01/10/2020
84;Vaucluse;;;BLANC;Jean-Baptiste;M;03/09/1972;31;Profession libérale;01/10/2020
84;Vaucluse;;;MILON;Alain;M;16/09/1947;75;Ancienne profession intermédiaire;01/10/2020
84;Vaucluse;;;STANZIONE;Lucien;M;19/08/1950;147;Fonctionnaire de catégorie A (obsolète);01/10/2020
85;Vendée;;;BILLON;Annick;F;03/08/1967;85;Personne diverse sans activité professionnelle de moins de 60 ans (sauf retraité);01/10/2020
85;Vendée;;;MANDELLI;Didier;M;07/08/1964;23;Chef d'entreprise de 10 salariés ou plus;01/10/2020
85;Vendée;;;RETAILLEAU;Bruno;M;20/11/1960;74;Ancien cadre;01/10/2020
86;Vienne;;;BELIN;Bruno;M;08/06/1962;31;Profession libérale;01/10/2020
86;Vienne;;;BELLAMY;Marie-Jeanne;F;05/01/1966;45;Profession intermédiaire administrative de la fonction publique;17/03/2024
87;Haute-Vienne;;;BRIQUET;Isabelle;F;04/09/1967;85;Personne diverse sans activité professionnelle de moins de 60 ans (sauf retraité);01/10/2020
87;Haute-Vienne;;;REDON-SARRAZY;Christian;M;18/11/1959;34;Professeur, profession scientifique;01/10/2020
88;Vosges;;;GREMILLET;Daniel;M;31/07/1953;71;Ancien agriculteur exploitant;01/10/2020
88;Vosges;;;HINGRAY;Jean;M;19/07/1986;85;Personne diverse sans activité professionnelle de moins de 60 ans (sauf retraité);01/10/2020
89;Yonne;;;LEMOYNE;Jean-Baptiste;M;15/09/1977;33;Cadre de la fonction publique;21/06/2022
89;Yonne;;;VERIEN;Dominique;F;29/08/1965;38;Ingénieur et cadre technique d'entreprise;01/10/2020
90;Territoire De Belfort;;;PERRIN;Cédric;M;20/01/1974;37;Cadre administratif et commercial d'entreprise;01/10/2020
91;Essonne;;;DARCOS;Laure;F;27/11/1970;85;Personne diverse sans activité professionnelle de moins de 60 ans (sauf retraité);02/10/2023
91;Essonne;;;DELAHAYE;Vincent;M;23/08/1959;37;Cadre administratif et commercial d'entreprise;02/10/2023
91;Essonne;;;GUIDEZ;Jocelyne;F;26/09/1956;35;Profession de l'information, des arts et des spectacles;02/10/2023
91;Essonne;;;HUGONET;Jean-Raymond;M;10/01/1958;35;Profession de l'information, des arts et des spectacles;02/10/2023
91;Essonne;;;ROS;David;M;10/08/1970;34;Professeur, profession scientifique;02/10/2023
92;Hauts-De-Seine;;;AESCHLIMANN;Marie-Do;F;17/04/1974;31;Profession libérale;02/10/2023
92;Hauts-De-Seine;;;FLORENNES;Isabelle;F;02/08/1967;45;Profession intermédiaire administrative de la fonction publique;02/10/2023
92;Hauts-De-Seine;;;IACOVELLI;Xavier;M;31/03/1981;33;Cadre de la fonction publique;02/10/2023
92;Hauts-De-Seine;;;KAROUTCHI;Roger;M;26/08/1951;74;Ancien cadre;02/10/2023
92;Hauts-De-Seine;;;LAVARDE;Christine;F;16/10/1984;33;Cadre de la fonction publique;02/10/2023
92;Hauts-De-Seine;;;MARSEILLE;Hervé;M;20/08/1954;74;Ancien cadre;02/10/2023
92;Hauts-De-Seine;;;OUZOULIAS;Pierre;M;28/01/1964;34;Professeur, profession scientifique;02/10/2023
93;Seine-Saint-Denis;;;CAPO-CANELLAS;Vincent;M;04/05/1967;33;Cadre de la fonction publique;02/10/2023
93;Seine-Saint-Denis;;;GAY;Fabien;M;13/01/1984;37;Cadre administratif et commercial d'entreprise;02/10/2023
93;Seine-Saint-Denis;;;LAOUEDJ;Ahmed;M;21/08/1968;33;Cadre de la fonction publique;02/10/2023
93;Seine-Saint-Denis;;;MEIGNEN;Thierry;M;17/05/1957;23;Chef d'entreprise de 10 salariés ou plus;02/10/2023
93;Seine-Saint-Denis;;;NARASSIGUIN;Corinne;F;07/03/1975;31;Profession libérale;02/10/2023
93;Seine-Saint-Denis;;;ZIANE;Adel;M;05/04/1979;85;Personne diverse sans activité professionnelle de moins de 60 ans (sauf retraité);02/10/2023
94;Val-De-Marne;;;CAMBON;Christian;M;08/03/1948;72;Ancien artisan, commerçant, chef d'entreprise;02/10/2023
94;Val-De-Marne;;;CIUNTU;Marie-Carole;F;09/11/1964;31;Profession libérale;02/10/2023
94;Val-De-Marne;;;LAFON;Laurent;M;18/11/1965;37;Cadre administratif et commercial d'entreprise;02/10/2023
94;Val-De-Marne;;;MELLOULI;Akli;M;02/12/1959;31;Profession libérale;02/10/2023
94;Val-De-Marne;;;ROSSIGNOL;Laurence;F;22/12/1957;74;Ancien cadre;02/10/2023
94;Val-De-Marne;;;SAVOLDELLI;Pascal;M;14/01/1961;86;Personne diverse sans activité professionnelle de 60 ans et plus (sauf retraité);02/10/2023
95;Val-D'Oise;;;BARROS;Pierre;M;15/10/1972;38;Ingénieur et cadre technique d'entreprise;02/10/2023
95;Val-D'Oise;;;BAZIN;Arnaud;M;10/01/1959;31;Profession libérale;02/10/2023
95;Val-D'Oise;;;EUSTACHE-BRINIO;Jacqueline;F;05/09/1956;34;Professeur, profession scientifique;02/10/2023
95;Val-D'Oise;;;FARGEOT;Daniel;M;31/05/1958;23;Chef d'entreprise de 10 salariés ou plus;02/10/2023
95;Val-D'Oise;;;TEMAL;Rachid;M;29/03/1973;37;Cadre administratif et commercial d'entreprise;02/10/2023
971;Guadeloupe;;;LUREL;Victorin;M;20/08/1951;74;Ancien cadre;02/10/2023
971;Guadeloupe;;;NADILLE;Solanges;F;24/09/1976;43;Profession intermédiaire de la santé et du travail social;02/10/2023
971;Guadeloupe;;;THEOPHILE;Dominique;M;04/08/1960;74;Ancien cadre;02/10/2023
974;La Réunion;;;BÉLIM;Audrey;F;16/04/1987;85;Personne diverse sans activité professionnelle de moins de 60 ans (sauf retraité);02/10/2023
974;La Réunion;;;CORBIERE NAMINZO;Evelyne;F;12/11/1980;42;Professeur des écoles, instituteur et assimilé;02/10/2023
974;La Réunion;;;FOUASSIN;Stéphane;M;17/10/1960;31;Profession libérale;02/10/2023
974;La Réunion;;;MALET;Viviane;F;28/10/1954;86;Personne diverse sans activité professionnelle de 60 ans et plus (sauf retraité);02/10/2023
976;Mayotte;;;MOHAMED SOILIHI;Thani;M;20/06/1972;31;Profession libérale;02/10/2023
976;Mayotte;;;OMAR OILI;Said;M;20/06/1957;74;Ancien cadre;02/10/2023
ZZ;Français Établis Hors De France;;;BANSARD;Jean-Pierre;M;15/05/1940;105;Industriel-Chef entreprise (obsolète);01/10/2021
ZZ;Français Établis Hors De France;;;CADIC;Olivier;M;22/04/1962;105;Industriel-Chef entreprise (obsolète);01/10/2021
ZZ;Français Établis Hors De France;;;CAZEBONNE;Samantha;F;10/08/1971;144;Profession rattachée à enseignt. (obsolète);01/10/2021
ZZ;Français Établis Hors De France;;;CHANTREL;Yan;M;14/04/1979;37;Cadre administratif et commercial d'entreprise;01/10/2021
ZZ;Français Établis Hors De France;;;CONWAY-MOURET;Hélène;F;13/09/1960;34;Professeur, profession scientifique;02/10/2023
ZZ;Français Établis Hors De France;;;FRASSA;Christophe-André;M;04/02/1968;132;Conseiller juridique (obsolète);01/10/2021
ZZ;Français Établis Hors De France;;;LE GLEUT;Ronan;M;21/08/1976;38;Ingénieur et cadre technique d'entreprise;02/10/2023
ZZ;Français Établis Hors De France;;;OLLIVIER;Mathilde;F;09/06/1994;37;Cadre administratif et commercial d'entreprise;02/10/2023
ZZ;Français Établis Hors De France;;;RENAUD-GARABEDIAN;Evelyne;F;18/06/1950;23;Chef d'entreprise de 10 salariés ou plus;02/10/2023
ZZ;Français Établis Hors De France;;;RICHARD;Olivia;F;22/02/1977;37;Cadre administratif et commercial d'entreprise;02/10/2023
ZZ;Français Établis Hors De France;;;RUELLE;Jean-Luc;M;01/04/1952;23;Chef d'entreprise de 10 salariés ou plus;02/10/2023
ZZ;Français Établis Hors De France;;;VOGEL;Mélanie;F;22/05/1985;85;Personne diverse sans activité professionnelle de moins de 60 ans (sauf retraité);01/10/2021
;;972;Martinique;BUVAL;Frédéric;M;24/03/1951;74;Ancien cadre;02/10/2023
;;972;Martinique;CONCONNE;Catherine;F;18/05/1963;85;Personne diverse sans activité professionnelle de moins de 60 ans (sauf retraité);02/10/2023
;;973;Guyane;PATIENT;Georges;M;01/04/1949;37;Cadre administratif et commercial d'entreprise;01/10/2020
;;973;Guyane;PHINÉRA-HORTH;Marie-Laure;F;28/06/1957;43;Profession intermédiaire de la santé et du travail social;01/10/2020
;;975;Saint-Pierre-Et-Miquelon;GIRARDIN;Annick;F;03/08/1964;33;Cadre de la fonction publique;02/10/2023
;;977;Saint-Barthélemy;JACQUES;Micheline;F;08/10/1971;42;Professeur des écoles, instituteur et assimilé;01/10/2020
;;978;Saint-Martin;PÉTRUS;Annick;F;05/01/1961;42;Professeur des écoles, instituteur et assimilé;01/10/2020
;;986;Wallis Et Futuna;KULIMOETOKE;Mikaele;M;17/06/1963;53;Policier et militaire;01/10/2020
;;987;Polynésie Française;ROHFRITSCH;Teva;M;03/02/1975;23;Chef d'entreprise de 10 salariés ou plus;01/10/2020
;;987;Polynésie Française;TETUANUI;Lana;F;23/02/1970;45;Profession intermédiaire administrative de la fonction publique;01/10/2020
;;988;Nouvelle-Calédonie;NATUREL;Georges;M;21/11/1955;74;Ancien cadre;02/10/2023
;;988;Nouvelle-Calédonie;XOWIE;Robert;M;29/08/1962;33;Cadre de la fonction publique;02/10/2023
