Code du département	Libellé du département	Code de la collectivité à statut particulier	Libellé de la collectivité à statut particulier	Code de la circonscription législative	Libellé de la circonscription législative	Nom de l'élu	Prénom de l'élu	Code sexe	Date de naissance	Code de la catégorie socio-professionnelle	Libellé de la catégorie socio-professionnelle	Date de début du mandat
01	Ain			0101	1Ère Circonscription	BRETON	Xavier	M	25/11/1962	33	Cadre de la fonction publique	18/06/2017
01	Ain			0102	2Ème Circonscription	DE LA VERPILLIÈRE	Charles	M	31/05/1954	74	Ancien cadre	18/06/2017
01	Ain			0103	3Ème Circonscription	GIVERNET	Olga	F	17/10/1981	113	Ingénieur (obsolète)	18/06/2017
01	Ain			0104	4Ème Circonscription	TROMPILLE	Stéphane	M	01/12/1982	120	Employé (secteur privé) (obsolète)	18/06/2017
01	Ain			0105	5Ème Circonscription	ABAD	Damien	M	05/04/1980	85	Personne diverse sans activité professionnelle de moins de 60 ans (sauf retraité)	18/06/2017
02	Aisne			0201	1Ère Circonscription	BONO-VANDORME	Aude	F	03/08/1962	144	Profession rattachée à enseignt. (obsolète)	18/06/2017
02	Aisne			0202	2Ème Circonscription	DIVE	Julien	M	21/05/1985	74	Ancien cadre	18/06/2017
02	Aisne			0203	3Ème Circonscription	BRICOUT	Jean-Louis	M	27/12/1957	151	Cadre (entreprises publiques) (obsolète)	18/06/2017
02	Aisne			0204	4Ème Circonscription	DELATTE	Marc	M	24/05/1961	124	Médecin (obsolète)	18/06/2017
02	Aisne			0205	5Ème Circonscription	KRABAL	Jacques	M	10/04/1948	162	Retraité de l'enseignement (obsolète)	18/06/2017
03	Allier			0301	1Ère Circonscription	DUFREGNE	Jean-Paul	M	28/03/1958	114	Agent technique et technicien (obsolète)	18/06/2017
03	Allier			0302	2Ème Circonscription	VANCEUNEBROCK-MIALON	Laurence	F	06/05/1970	148	Fonctionnaire de catégorie B (obsolète)	18/06/2017
03	Allier			0303	3Ème Circonscription	PEYROL	Bénédicte	F	23/03/1991	132	Conseiller juridique (obsolète)	18/06/2017
04	Alpes-De-Haute-Provence			0401	1Ère Circonscription	BAGARRY	Delphine	F	09/01/1970	124	Médecin (obsolète)	18/06/2017
04	Alpes-De-Haute-Provence			0402	2Ème Circonscription	CASTANER	Christophe	M	03/01/1966	11	Agriculteur sur petite exploitation	03/08/2020
05	Hautes-Alpes			0501	1Ère Circonscription	BOYER	Pascale	F	28/09/1965	156	Autre profession (obsolète)	18/06/2017
05	Hautes-Alpes			0502	2Ème Circonscription	BOUCHET	Claire	F	09/01/1954	149	Fonctionnaire de catégorie C (obsolète)	27/08/2020
06	Alpes-Maritimes			0601	1Ère Circonscription	CIOTTI	Eric	M	28/09/1965	85	Personne diverse sans activité professionnelle de moins de 60 ans (sauf retraité)	18/06/2017
06	Alpes-Maritimes			0602	2Ème Circonscription	DOMBREVAL	Loïc	M	16/04/1966	105	Industriel-Chef entreprise (obsolète)	18/06/2017
06	Alpes-Maritimes			0603	3Ème Circonscription	ROUSSEL	Cédric	M	10/10/1972	139	Autre profession libérale (obsolète)	18/06/2017
06	Alpes-Maritimes			0604	4Ème Circonscription	VALETTA ARDISSON	Alexandra	F	07/06/1976	149	Fonctionnaire de catégorie C (obsolète)	18/06/2017
06	Alpes-Maritimes			0605	5Ème Circonscription	BRENIER-OHANESSIAN	Marine	F	11/08/1986	85	Personne diverse sans activité professionnelle de moins de 60 ans (sauf retraité)	18/06/2017
06	Alpes-Maritimes			0606	6Ème Circonscription	TRASTOUR-ISNART	Laurence	F	06/03/1972	45	Profession intermédiaire administrative de la fonction publique	18/06/2017
06	Alpes-Maritimes			0607	7Ème Circonscription	PAUGET	Eric	M	18/08/1970	22	Commerçant et assimilé	18/06/2017
06	Alpes-Maritimes			0608	8Ème Circonscription	BROCHAND	Bernard	M	05/06/1938	159	Retr.artis.commerc.chef d'entrep. (obsolète)	18/06/2017
06	Alpes-Maritimes			0609	9Ème Circonscription	TABAROT	Michèle	F	13/10/1962	23	Chef d'entreprise de 10 salariés ou plus	18/06/2017
07	Ardèche			0701	1Ère Circonscription	SAULIGNAC	Hervé	M	06/11/1970	33	Cadre de la fonction publique	18/06/2017
07	Ardèche			0702	2Ème Circonscription	VICTORY	Michèle	F	28/10/1958	34	Professeur, profession scientifique	25/12/2017
07	Ardèche			0703	3Ème Circonscription	BRUN	Fabrice	M	02/04/1968	22	Commerçant et assimilé	18/06/2017
08	Ardennes			0801	1Ère Circonscription	POLETTI	Bérengère	F	14/10/1959	147	Fonctionnaire de catégorie A (obsolète)	18/06/2017
08	Ardennes			0802	2Ème Circonscription	CORDIER	Pierre	M	27/05/1972	33	Cadre de la fonction publique	18/06/2017
08	Ardennes			0803	3Ème Circonscription	WARSMANN	Jean-Luc	M	22/10/1965	85	Personne diverse sans activité professionnelle de moins de 60 ans (sauf retraité)	18/06/2017
09	Ariège			0901	1Ère Circonscription	TAURINE	Bénédicte	F	18/06/1976	142	Professeur du secondaire et techn. (obsolète)	18/06/2017
09	Ariège			0902	2Ème Circonscription	LARIVE	Michel	M	22/08/1966	144	Profession rattachée à enseignt. (obsolète)	18/06/2017
10	Aube			1001	1Ère Circonscription	BESSON-MOREAU	Grégory	M	07/07/1982	135	Ingénieur conseil (obsolète)	18/06/2017
10	Aube			1002	2Ème Circonscription	BAZIN-MALGRAS	Valérie	F	31/10/1969	37	Cadre administratif et commercial d'entreprise	18/06/2017
10	Aube			1003	3Ème Circonscription	MENUEL	Gérard	M	07/05/1952	158	Retraité agricole (obsolète)	18/06/2017
11	Aude			1101	1Ère Circonscription	HERIN	Danièle	F	14/01/1947	162	Retraité de l'enseignement (obsolète)	18/06/2017
11	Aude			1102	2Ème Circonscription	PEREA	Alain	M	05/06/1971	147	Fonctionnaire de catégorie A (obsolète)	18/06/2017
11	Aude			1103	3Ème Circonscription	ROBERT	Mireille	F	01/03/1962	143	Enseignant 1er deg.-directeur école (obsolète)	18/06/2017
12	Aveyron			1201	1Ère Circonscription	MAZARS	Stéphane	M	25/03/1969	129	Avocat (obsolète)	18/06/2017
12	Aveyron			1202	2Ème Circonscription	BLANC	Anne	F	20/07/1966	139	Autre profession libérale (obsolète)	18/06/2017
13	Bouches-Du-Rhône			1301	1Ère Circonscription	RAVIER	Julien	M	16/02/1978	37	Cadre administratif et commercial d'entreprise	08/10/2020
13	Bouches-Du-Rhône			1302	2Ème Circonscription	PITOLLAT	Claire	F	17/09/1979	113	Ingénieur (obsolète)	18/06/2017
13	Bouches-Du-Rhône			1303	3Ème Circonscription	LOUIS	Alexandra	F	17/09/1983	129	Avocat (obsolète)	18/06/2017
13	Bouches-Du-Rhône			1304	4Ème Circonscription	MELENCHON	Jean-Luc	M	19/08/1951	157	Sans profession déclarée (obsolète)	18/06/2017
13	Bouches-Du-Rhône			1305	5Ème Circonscription	RACON-BOUZON	Cathy	F	22/11/1976	118	Cadre supérieur (secteur privé) (obsolète)	18/06/2017
13	Bouches-Du-Rhône			1306	6Ème Circonscription	TEISSIER	Guy	M	04/04/1945	33	Cadre de la fonction publique	18/06/2017
13	Bouches-Du-Rhône			1307	7Ème Circonscription	AHAMADA	Saïd	M	07/11/1972	147	Fonctionnaire de catégorie A (obsolète)	18/06/2017
13	Bouches-Du-Rhône			1308	8Ème Circonscription	ZULESI	Jean-Marc	M	06/06/1988	119	Autre cadre (secteur privé) (obsolète)	18/06/2017
13	Bouches-Du-Rhône			1309	9Ème Circonscription	DEFLESSELLES	Bernard	M	16/10/1953	74	Ancien cadre	18/06/2017
13	Bouches-Du-Rhône			1310	10Ème Circonscription	LAMBERT	François-Michel	M	24/08/1966	113	Ingénieur (obsolète)	18/06/2017
13	Bouches-Du-Rhône			1311	11Ème Circonscription	LAQHILA	Mohamed	M	03/08/1959	134	Expert comptable (obsolète)	18/06/2017
13	Bouches-Du-Rhône			1312	12Ème Circonscription	DIARD	Eric	M	21/07/1965	129	Avocat (obsolète)	18/06/2017
13	Bouches-Du-Rhône			1313	13Ème Circonscription	DHARRÉVILLE	Pierre	M	15/06/1975	35	Profession de l'information, des arts et des spectacles	18/06/2017
13	Bouches-Du-Rhône			1314	14Ème Circonscription	PETEL	Anne-Laurence	F	08/02/1970	33	Cadre de la fonction publique	18/06/2017
13	Bouches-Du-Rhône			1315	15Ème Circonscription	REYNÈS	Bernard	M	18/10/1953	75	Ancienne profession intermédiaire	18/06/2017
13	Bouches-Du-Rhône			1316	16Ème Circonscription	MICHEL	Monica	F	16/04/1955	116	Représentant de commerce (obsolète)	18/06/2017
14	Calvados			1401	1Ère Circonscription	LE VIGOUREUX	Fabrice	M	27/08/1969	141	Professeur de faculté (obsolète)	18/06/2017
14	Calvados			1402	2Ème Circonscription	DUMONT	Laurence	F	02/06/1958	154	Permanent politique (obsolète)	18/06/2017
14	Calvados			1403	3Ème Circonscription	PORTE	Nathalie	F	02/02/1973	37	Cadre administratif et commercial d'entreprise	28/07/2020
14	Calvados			1404	4Ème Circonscription	BLANCHET	Christophe	M	09/04/1973	22	Commerçant et assimilé	18/06/2017
14	Calvados			1405	5Ème Circonscription	BOUYX	Bertrand	M	26/05/1970	128	Pharmacien (obsolète)	18/06/2017
14	Calvados			1406	6Ème Circonscription	TOURRET	Alain	M	25/12/1947	129	Avocat (obsolète)	18/06/2017
15	Cantal			1501	1Ère Circonscription	DESCOEUR	Vincent	M	13/12/1962	34	Professeur, profession scientifique	18/06/2017
15	Cantal			1502	2Ème Circonscription	BONY	Jean-Yves	M	11/03/1955	12	Agriculteur sur moyenne exploitation	18/06/2017
16	Charente			1601	1Ère Circonscription	MESNIER	Thomas	M	04/03/1986	33	Cadre de la fonction publique	18/06/2017
16	Charente			1602	2Ème Circonscription	MARSAUD	Sandra	F	02/01/1974	151	Cadre (entreprises publiques) (obsolète)	18/06/2017
16	Charente			1603	3Ème Circonscription	LAMBERT	Jérôme	M	07/06/1957	118	Cadre supérieur (secteur privé) (obsolète)	18/06/2017
17	Charente-Maritime			1701	1Ère Circonscription	FALORNI	Olivier	M	27/03/1972	34	Professeur, profession scientifique	18/06/2017
17	Charente-Maritime			1702	2Ème Circonscription	TUFFNELL	Frédérique	F	29/06/1956	151	Cadre (entreprises publiques) (obsolète)	18/06/2017
17	Charente-Maritime			1703	3Ème Circonscription	ARDOUIN	Jean-Philippe	M	05/03/1964	101	Agriculteur propriétaire exploit. (obsolète)	18/06/2017
17	Charente-Maritime			1704	4Ème Circonscription	GÉRARD	Raphaël	M	17/10/1968	118	Cadre supérieur (secteur privé) (obsolète)	18/06/2017
17	Charente-Maritime			1705	5Ème Circonscription	QUENTIN	Didier	M	23/12/1946	163	Retraité fonct.publique (sf enseig.) (obsolète)	18/06/2017
18	Cher			1801	1Ère Circonscription	CORMIER-BOULIGEON	François	M	19/11/1972	156	Autre profession (obsolète)	18/06/2017
18	Cher			1802	2Ème Circonscription	ESSAYAN	Nadia	F	06/06/1957	119	Autre cadre (secteur privé) (obsolète)	18/06/2017
18	Cher			1803	3Ème Circonscription	KERVRAN	Loïc	M	11/02/1984	33	Cadre de la fonction publique	18/06/2017
19	Corrèze			1901	1Ère Circonscription	JERRETIE	Christophe	M	31/08/1979	31	Profession libérale	18/06/2017
19	Corrèze			1902	2Ème Circonscription	MEUNIER	Frédérique	F	08/12/1960	31	Profession libérale	18/06/2017
21	Côte-D'Or			2101	1Ère Circonscription	MARTIN	Didier	M	20/08/1956	150	Cadre sup. (entreprises publiques) (obsolète)	18/06/2017
21	Côte-D'Or			2102	2Ème Circonscription	DELATTE	Rémi	M	09/06/1956	11	Agriculteur sur petite exploitation	18/06/2017
21	Côte-D'Or			2103	3Ème Circonscription	KHATTABI	Fadila	F	23/02/1962	142	Professeur du secondaire et techn. (obsolète)	18/06/2017
21	Côte-D'Or			2104	4Ème Circonscription	DE COURSON	Yolaine	F	14/07/1954	72	Ancien artisan, commerçant, chef d'entreprise	18/06/2017
21	Côte-D'Or			2105	5Ème Circonscription	PARIS	Didier	M	14/02/1954	74	Ancien cadre	18/06/2017
22	Côtes-D'Armor			2201	1Ère Circonscription	JONCOUR	Bruno	M	25/11/1953	148	Fonctionnaire de catégorie B (obsolète)	18/06/2017
22	Côtes-D'Armor			2202	2Ème Circonscription	BERVILLE	Hervé	M	15/01/1990	119	Autre cadre (secteur privé) (obsolète)	18/06/2017
22	Côtes-D'Armor			2203	3Ème Circonscription	LE FUR	Marc	M	28/11/1956	33	Cadre de la fonction publique	18/06/2017
22	Côtes-D'Armor			2204	4Ème Circonscription	KERLOGOT	Yannick	M	12/05/1970	143	Enseignant 1er deg.-directeur école (obsolète)	18/06/2017
22	Côtes-D'Armor			2205	5Ème Circonscription	BOTHOREL	Eric	M	20/10/1966	118	Cadre supérieur (secteur privé) (obsolète)	18/06/2017
23	Creuse			2301	1Ère Circonscription	MOREAU	Jean-Baptiste	M	14/02/1977	13	Agriculteur sur grande exploitation	18/06/2017
24	Dordogne			2401	1Ère Circonscription	CHASSAING	Philippe	M	18/05/1972	142	Professeur du secondaire et techn. (obsolète)	18/06/2017
24	Dordogne			2402	2Ème Circonscription	DELPON	Michel	M	13/08/1949	161	Retraité salarié privé (obsolète)	18/06/2017
24	Dordogne			2403	3Ème Circonscription	CUBERTAFON	Jean-Pierre	M	05/02/1948	74	Ancien cadre	18/06/2017
24	Dordogne			2404	4Ème Circonscription	DUBOIS	Jacqueline	F	28/05/1957	162	Retraité de l'enseignement (obsolète)	18/06/2017
25	Doubs			2501	1Ère Circonscription	CHARVIER	Fannette	F	31/12/1984	152	Employé (autres entrep. publiques) (obsolète)	18/06/2017
25	Doubs			2502	2Ème Circonscription	ALAUZET	Eric	M	07/06/1958	31	Profession libérale	18/06/2017
25	Doubs			2503	3Ème Circonscription	SOMMER	Denis	M	23/09/1957	34	Professeur, profession scientifique	18/06/2017
25	Doubs			2504	4Ème Circonscription	BARBIER	Frédéric	M	30/08/1960	74	Ancien cadre	18/06/2017
25	Doubs			2505	5Ème Circonscription	GENEVARD	Annie	F	07/09/1956	142	Professeur du secondaire et techn. (obsolète)	18/06/2017
26	Drôme			2601	1Ère Circonscription	CLAPOT	Mireille	F	14/10/1963	33	Cadre de la fonction publique	18/06/2017
26	Drôme			2602	2Ème Circonscription	THOUROT	Alice	F	12/10/1985	31	Profession libérale	18/06/2017
26	Drôme			2603	3Ème Circonscription	DE LAVERGNE	Célia	F	21/11/1979	38	Ingénieur et cadre technique d'entreprise	18/06/2017
26	Drôme			2604	4Ème Circonscription	ANTHOINE	Emmanuelle	F	02/07/1964	85	Personne diverse sans activité professionnelle de moins de 60 ans (sauf retraité)	18/06/2017
27	Eure			2701	1Ère Circonscription	GIPSON	Séverine	F	13/12/1970	33	Cadre de la fonction publique	24/07/2017
27	Eure			2702	2Ème Circonscription	GOUTTEFARDE	Fabien	M	27/09/1978	33	Cadre de la fonction publique	18/06/2017
27	Eure			2703	3Ème Circonscription	TAMARELLE-VERHAEGHE	Marie	F	27/09/1962	33	Cadre de la fonction publique	18/06/2017
27	Eure			2704	4Ème Circonscription	QUESTEL	Bruno	M	21/12/1966	129	Avocat (obsolète)	18/06/2017
27	Eure			2705	5Ème Circonscription	O'PETIT	Claire	F	15/10/1949	159	Retr.artis.commerc.chef d'entrep. (obsolète)	18/06/2017
28	Eure-Et-Loir			2801	1Ère Circonscription	KASBARIAN	Guillaume	M	28/02/1987	118	Cadre supérieur (secteur privé) (obsolète)	18/06/2017
28	Eure-Et-Loir			2802	2Ème Circonscription	MARLEIX	Olivier	M	06/02/1971	33	Cadre de la fonction publique	18/06/2017
28	Eure-Et-Loir			2803	3Ème Circonscription	LAMIRAULT	Luc	M	12/05/1962	23	Chef d'entreprise de 10 salariés ou plus	22/01/2021
28	Eure-Et-Loir			2804	4Ème Circonscription	VIGIER	Philippe	M	03/02/1958	31	Profession libérale	18/06/2017
29	Finistère			2901	1Ère Circonscription	LE MEUR	Annaïg	F	29/04/1973	31	Profession libérale	18/06/2017
29	Finistère			2902	2Ème Circonscription	LARSONNEUR	Jean-Charles	M	24/01/1984	147	Fonctionnaire de catégorie A (obsolète)	18/06/2017
29	Finistère			2903	3Ème Circonscription	LE GAC	Didier	M	19/07/1965	144	Profession rattachée à enseignt. (obsolète)	18/06/2017
29	Finistère			2904	4Ème Circonscription	LE FEUR	Sandrine	F	18/03/1991	101	Agriculteur propriétaire exploit. (obsolète)	18/06/2017
29	Finistère			2905	5Ème Circonscription	MELCHIOR	Graziella	F	06/04/1960	141	Professeur de faculté (obsolète)	18/06/2017
29	Finistère			2906	6Ème Circonscription	FERRAND	Richard	M	01/07/1962	118	Cadre supérieur (secteur privé) (obsolète)	18/06/2017
29	Finistère			2907	7Ème Circonscription	TANGUY	Liliane	F	12/03/1967	147	Fonctionnaire de catégorie A (obsolète)	18/06/2017
29	Finistère			2908	8Ème Circonscription	BALANANT	Erwan	M	21/02/1971	138	Homme de lettres et Artiste (obsolète)	18/06/2017
2A	Corse-Du-Sud	94	Corse	2A01	1Ère Circonscription	FERRARA	Jean-Jacques	M	16/06/1967	124	Médecin (obsolète)	18/06/2017
2A	Corse-Du-Sud	94	Corse	2A02	2Ème Circonscription	COLOMBANI	Paul-André	M	17/08/1967	124	Médecin (obsolète)	18/06/2017
2B	Haute-Corse	94	Corse	2B01	1Ère Circonscription	CASTELLANI	Michel	M	28/09/1945	75	Ancienne profession intermédiaire	18/06/2017
2B	Haute-Corse	94	Corse	2B02	2Ème Circonscription	ACQUAVIVA	Jean-Felix	M	19/03/1973	74	Ancien cadre	18/06/2017
30	Gard			3001	1Ère Circonscription	DUMAS	Françoise	F	12/04/1960	147	Fonctionnaire de catégorie A (obsolète)	18/06/2017
30	Gard			3002	2Ème Circonscription	MEIZONNET	Nicolas	M	22/12/1983	113	Ingénieur (obsolète)	01/02/2020
30	Gard			3003	3Ème Circonscription	CELLIER	Anthony	M	01/06/1975	37	Cadre administratif et commercial d'entreprise	18/06/2017
30	Gard			3004	4Ème Circonscription	CHAPELIER	Annie	F	07/11/1967	143	Enseignant 1er deg.-directeur école (obsolète)	18/06/2017
30	Gard			3005	5Ème Circonscription	DAUFÈS-ROUX	Catherine	F	24/04/1963	42	Professeur des écoles, instituteur et assimilé	27/06/2021
30	Gard			3006	6Ème Circonscription	BERTA	Philippe	M	11/04/1960	141	Professeur de faculté (obsolète)	18/06/2017
31	Haute-Garonne			3101	1Ère Circonscription	CABARE	Pierre	M	12/12/1957	110	Artisan (obsolète)	18/06/2017
31	Haute-Garonne			3102	2Ème Circonscription	LAGLEIZE	Jean-Luc	M	09/09/1958	132	Conseiller juridique (obsolète)	18/06/2017
31	Haute-Garonne			3103	3Ème Circonscription	VIGNON	Corinne	F	10/06/1963	118	Cadre supérieur (secteur privé) (obsolète)	18/06/2017
31	Haute-Garonne			3104	4Ème Circonscription	NOGAL	Mickaël	M	26/11/1990	139	Autre profession libérale (obsolète)	18/06/2017
31	Haute-Garonne			3105	5Ème Circonscription	PORTARRIEU	Jean-François	M	14/10/1965	45	Profession intermédiaire administrative de la fonction publique	18/06/2017
31	Haute-Garonne			3106	6Ème Circonscription	IBORRA	Monique	F	08/03/1945	163	Retraité fonct.publique (sf enseig.) (obsolète)	18/06/2017
31	Haute-Garonne			3107	7Ème Circonscription	TOUTUT-PICARD	Elisabeth	F	17/12/1954	147	Fonctionnaire de catégorie A (obsolète)	18/06/2017
31	Haute-Garonne			3108	8Ème Circonscription	AVIRAGNET	Joël	M	16/06/1956	86	Personne diverse sans activité professionnelle de 60 ans et plus (sauf retraité)	18/03/2018
31	Haute-Garonne			3109	9Ème Circonscription	MORCH	Sandrine	F	13/11/1961	137	Journaliste et autre média (obsolète)	18/06/2017
31	Haute-Garonne			3110	10Ème Circonscription	NADOT	Sébastien	M	08/07/1972	142	Professeur du secondaire et techn. (obsolète)	18/06/2017
32	Gers			3201	1Ère Circonscription	CAZENEUVE	Jean-René	M	09/06/1958	113	Ingénieur (obsolète)	18/06/2017
32	Gers			3202	2Ème Circonscription	BIEMOURET	Gisèle	F	16/06/1952	86	Personne diverse sans activité professionnelle de 60 ans et plus (sauf retraité)	18/06/2017
33	Gironde			3301	1Ère Circonscription	DAVID	Dominique	F	27/02/1963	118	Cadre supérieur (secteur privé) (obsolète)	18/06/2017
33	Gironde			3302	2Ème Circonscription	FABRE	Catherine	F	19/09/1978	85	Personne diverse sans activité professionnelle de moins de 60 ans (sauf retraité)	18/06/2017
33	Gironde			3303	3Ème Circonscription	PRUD'HOMME	Loïc	M	19/08/1969	148	Fonctionnaire de catégorie B (obsolète)	18/06/2017
33	Gironde			3304	4Ème Circonscription	DAVID	Alain	M	02/06/1949	164	Retraité des entreprises publiques (obsolète)	18/06/2017
33	Gironde			3305	5Ème Circonscription	SIMIAN	Benoît	M	27/05/1983	151	Cadre (entreprises publiques) (obsolète)	18/06/2017
33	Gironde			3306	6Ème Circonscription	POULLIAT	Eric	M	09/07/1974	148	Fonctionnaire de catégorie B (obsolète)	18/06/2017
33	Gironde			3307	7Ème Circonscription	COUILLARD	Bérangère	F	24/07/1986	119	Autre cadre (secteur privé) (obsolète)	18/06/2017
33	Gironde			3308	8Ème Circonscription	PANONACLE	Sophie	F	16/12/1968	157	Sans profession déclarée (obsolète)	18/06/2017
33	Gironde			3309	9Ème Circonscription	METTE	Sophie	F	13/09/1959	157	Sans profession déclarée (obsolète)	18/06/2017
33	Gironde			3310	10Ème Circonscription	BOUDIÉ	Florent	M	22/09/1973	74	Ancien cadre	18/06/2017
33	Gironde			3311	11Ème Circonscription	HAMMERER	Véronique	F	04/11/1968	85	Personne diverse sans activité professionnelle de moins de 60 ans (sauf retraité)	18/06/2017
33	Gironde			3312	12Ème Circonscription	DUBOS	Christelle	F	26/03/1976	147	Fonctionnaire de catégorie A (obsolète)	04/08/2020
34	Hérault			3401	1Ère Circonscription	MIRALLÈS	Patricia	F	22/08/1967	85	Personne diverse sans activité professionnelle de moins de 60 ans (sauf retraité)	18/06/2017
34	Hérault			3402	2Ème Circonscription	RESSIGUIER	Muriel	F	21/12/1977	152	Employé (autres entrep. publiques) (obsolète)	18/06/2017
34	Hérault			3403	3Ème Circonscription	DUBOST	Coralie	F	04/03/1983	132	Conseiller juridique (obsolète)	18/06/2017
34	Hérault			3404	4Ème Circonscription	ELIAOU	Jean-François	M	13/08/1956	124	Médecin (obsolète)	18/06/2017
34	Hérault			3405	5Ème Circonscription	HUPPE	Philippe	M	12/02/1968	138	Homme de lettres et Artiste (obsolète)	18/06/2017
34	Hérault			3406	6Ème Circonscription	MÉNARD	Emmanuelle	F	15/08/1968	35	Profession de l'information, des arts et des spectacles	18/06/2017
34	Hérault			3407	7Ème Circonscription	EUZET	Christophe	M	02/04/1967	141	Professeur de faculté (obsolète)	18/06/2017
34	Hérault			3408	8Ème Circonscription	DÉMOULIN	Nicolas	M	22/07/1979	133	Agent général d'assurances (obsolète)	18/06/2017
34	Hérault			3409	9Ème Circonscription	VIGNAL	Patrick	M	22/01/1958	106	Administrateur de sociétés (obsolète)	18/06/2017
35	Ille-Et-Vilaine			3502	2Ème Circonscription	MAILLART-MÉHAIGNERIE	Laurence	F	05/04/1967	105	Industriel-Chef entreprise (obsolète)	18/06/2017
35	Ille-Et-Vilaine			3503	3Ème Circonscription	ROUAUX	Claudia	F	13/10/1963	38	Ingénieur et cadre technique d'entreprise	11/02/2020
35	Ille-Et-Vilaine			3504	4Ème Circonscription	LE BOHEC	Gaël	M	04/11/1977	105	Industriel-Chef entreprise (obsolète)	18/06/2017
35	Ille-Et-Vilaine			3505	5Ème Circonscription	CLOAREC	Christine	F	28/10/1964	120	Employé (secteur privé) (obsolète)	18/06/2017
35	Ille-Et-Vilaine			3506	6Ème Circonscription	BENOIT	Thierry	M	13/09/1966	116	Représentant de commerce (obsolète)	18/06/2017
35	Ille-Et-Vilaine			3507	7Ème Circonscription	BOURGEAUX	Jean-Luc	M	10/04/1963	11	Agriculteur sur petite exploitation	01/08/2020
35	Ille-Et-Vilaine			3508	8Ème Circonscription	BACHELIER	Florian	M	05/04/1979	129	Avocat (obsolète)	18/06/2017
36	Indre			3601	1Ère Circonscription	JOLIVET	François	M	21/03/1966	37	Cadre administratif et commercial d'entreprise	18/06/2017
36	Indre			3602	2Ème Circonscription	FORISSIER	Nicolas	M	17/02/1961	23	Chef d'entreprise de 10 salariés ou plus	18/06/2017
37	Indre-Et-Loire			3701	1Ère Circonscription	CHALUMEAU	Philippe	M	08/11/1963	124	Médecin (obsolète)	18/06/2017
37	Indre-Et-Loire			3702	2Ème Circonscription	LABARONNE	Daniel	M	16/07/1955	34	Professeur, profession scientifique	18/06/2017
37	Indre-Et-Loire			3703	3Ème Circonscription	MÉTADIER	Sophie	F	26/04/1961	31	Profession libérale	06/06/2021
37	Indre-Et-Loire			3704	4Ème Circonscription	COLBOC	Fabienne	F	09/08/1971	105	Industriel-Chef entreprise (obsolète)	18/06/2017
37	Indre-Et-Loire			3705	5Ème Circonscription	THILLAYE	Sabine	F	18/05/1959	105	Industriel-Chef entreprise (obsolète)	18/06/2017
38	Isère			3801	1Ère Circonscription	GALLIARD-MINIER	Camille	F	26/05/1975	31	Profession libérale	17/03/2020
38	Isère			3802	2Ème Circonscription	COLAS-ROY	Jean-Charles	M	02/05/1978	38	Ingénieur et cadre technique d'entreprise	18/06/2017
38	Isère			3803	3Ème Circonscription	CHALAS	Emilie	F	18/10/1977	33	Cadre de la fonction publique	18/06/2017
38	Isère			3804	4Ème Circonscription	BATTISTEL	Marie-Noëlle	F	20/08/1956	72	Ancien artisan, commerçant, chef d'entreprise	18/06/2017
38	Isère			3805	5Ème Circonscription	KAMOWSKI	Catherine	F	08/04/1958	142	Professeur du secondaire et techn. (obsolète)	18/06/2017
38	Isère			3806	6Ème Circonscription	MOTIN	Cendra	F	29/01/1975	139	Autre profession libérale (obsolète)	18/06/2017
38	Isère			3807	7Ème Circonscription	LIMON	Monique	F	05/12/1953	74	Ancien cadre	18/06/2017
38	Isère			3808	8Ème Circonscription	ABADIE	Caroline	F	07/09/1976	105	Industriel-Chef entreprise (obsolète)	18/06/2017
38	Isère			3809	9Ème Circonscription	JACQUIER-LAFORGE	Elodie	F	15/04/1978	37	Cadre administratif et commercial d'entreprise	18/06/2017
38	Isère			3810	10Ème Circonscription	MEYNIER-MILLEFERT	Marjolaine	F	30/09/1982	105	Industriel-Chef entreprise (obsolète)	18/06/2017
39	Jura			3901	1Ère Circonscription	BRULEBOIS	Danielle	F	04/07/1947	42	Professeur des écoles, instituteur et assimilé	18/06/2017
39	Jura			3902	2Ème Circonscription	DALLOZ	Marie-Christine	F	10/01/1958	86	Personne diverse sans activité professionnelle de 60 ans et plus (sauf retraité)	18/06/2017
39	Jura			3903	3Ème Circonscription	SERMIER	Jean-Marie	M	05/03/1961	12	Agriculteur sur moyenne exploitation	18/06/2017
40	Landes			4001	1Ère Circonscription	LAINÉ	Fabien	M	15/04/1976	31	Profession libérale	22/07/2017
40	Landes			4002	2Ème Circonscription	CAUSSE	Lionel	M	06/05/1971	119	Autre cadre (secteur privé) (obsolète)	18/06/2017
40	Landes			4003	3Ème Circonscription	VALLAUD	Boris	M	25/07/1975	33	Cadre de la fonction publique	18/06/2017
41	Loir-Et-Cher			4102	2Ème Circonscription	PELTIER	Guillaume	M	27/08/1976	85	Personne diverse sans activité professionnelle de moins de 60 ans (sauf retraité)	18/06/2017
41	Loir-Et-Cher			4103	3Ème Circonscription	BRINDEAU	Pascal	M	20/06/1974	37	Cadre administratif et commercial d'entreprise	10/01/2019
42	Loire			4201	1Ère Circonscription	JUANICO	Régis	M	05/02/1972	33	Cadre de la fonction publique	18/06/2017
42	Loire			4202	2Ème Circonscription	MIS	Jean-Michel	M	28/07/1967	119	Autre cadre (secteur privé) (obsolète)	18/06/2017
42	Loire			4203	3Ème Circonscription	FAURE-MUNTIAN	Valéria	F	02/09/1984	117	Agent d'assurances (obsolète)	18/06/2017
42	Loire			4204	4Ème Circonscription	CINIERI	Dino	M	09/07/1955	72	Ancien artisan, commerçant, chef d'entreprise	18/06/2017
42	Loire			4205	5Ème Circonscription	SARLES	Nathalie	F	17/04/1962	123	Salarié du secteur médical (obsolète)	18/06/2017
42	Loire			4206	6Ème Circonscription	BOROWCZYK	Julien	M	02/05/1979	124	Médecin (obsolète)	18/06/2017
43	Haute-Loire			4301	1Ère Circonscription	VALENTIN	Isabelle	F	20/01/1962	85	Personne diverse sans activité professionnelle de moins de 60 ans (sauf retraité)	18/06/2017
43	Haute-Loire			4302	2Ème Circonscription	VIGIER	Jean-Pierre	M	22/10/1969	33	Cadre de la fonction publique	18/06/2017
44	Loire-Atlantique			4401	1Ère Circonscription	DE RUGY	François	M	06/12/1973	74	Ancien cadre	17/08/2019
44	Loire-Atlantique			4402	2Ème Circonscription	OPPELT	Valérie	F	10/12/1973	75	Ancienne profession intermédiaire	18/06/2017
44	Loire-Atlantique			4403	3Ème Circonscription	BRUNET	Anne-France	F	12/06/1962	131	Huissier (obsolète)	18/06/2017
44	Loire-Atlantique			4404	4Ème Circonscription	AMADOU	Aude	F	29/02/1980	120	Employé (secteur privé) (obsolète)	18/06/2017
44	Loire-Atlantique			4405	5Ème Circonscription	GEISMAR	Luc	M	01/11/1966	119	Autre cadre (secteur privé) (obsolète)	27/08/2020
44	Loire-Atlantique			4406	6Ème Circonscription	DANIEL	Yves	M	31/07/1954	101	Agriculteur propriétaire exploit. (obsolète)	18/06/2017
44	Loire-Atlantique			4407	7Ème Circonscription	JOSSO	Sandrine	F	19/09/1975	139	Autre profession libérale (obsolète)	18/06/2017
44	Loire-Atlantique			4408	8Ème Circonscription	DUFEU SCHUBERT	Audrey	F	03/06/1980	118	Cadre supérieur (secteur privé) (obsolète)	18/06/2017
44	Loire-Atlantique			4409	9Ème Circonscription	HAURY	Yannick	M	12/06/1954	31	Profession libérale	18/06/2017
44	Loire-Atlantique			4410	10Ème Circonscription	ERRANTE	Sophie	F	22/07/1971	154	Permanent politique (obsolète)	18/06/2017
45	Loiret			4501	1Ère Circonscription	RIST	Stéphanie	F	06/08/1973	43	Profession intermédiaire de la santé et du travail social	18/06/2017
45	Loiret			4502	2Ème Circonscription	JANVIER	Caroline	F	09/03/1982	119	Autre cadre (secteur privé) (obsolète)	18/06/2017
45	Loiret			4503	3Ème Circonscription	DE GANAY	Claude	M	05/09/1953	147	Fonctionnaire de catégorie A (obsolète)	18/06/2017
45	Loiret			4504	4Ème Circonscription	DOOR	Jean-Pierre	M	01/04/1942	160	Retraité des professions libérales (obsolète)	25/03/2018
45	Loiret			4505	5Ème Circonscription	DUBOIS	Marianne	F	17/12/1957	85	Personne diverse sans activité professionnelle de moins de 60 ans (sauf retraité)	18/06/2017
45	Loiret			4506	6Ème Circonscription	RAMOS	Richard	M	23/03/1968	119	Autre cadre (secteur privé) (obsolète)	18/06/2017
46	Lot			4601	1Ère Circonscription	PRADIÉ	Aurélien	M	14/03/1986	74	Ancien cadre	18/06/2017
46	Lot			4602	2Ème Circonscription	TIEGNA	Huguette	F	01/04/1982	113	Ingénieur (obsolète)	18/06/2017
47	Lot-Et-Garonne			4701	1Ère Circonscription	LAUZZANA	Michel	M	20/03/1957	124	Médecin (obsolète)	18/06/2017
47	Lot-Et-Garonne			4702	2Ème Circonscription	FRESCHI	Alexandre	M	17/05/1979	147	Fonctionnaire de catégorie A (obsolète)	18/06/2017
47	Lot-Et-Garonne			4703	3Ème Circonscription	DAMAISIN	Olivier	M	05/08/1966	116	Représentant de commerce (obsolète)	18/06/2017
48	Lozère			4801	1Ère Circonscription	MOREL A L'HUISSIER	Pierre	M	21/12/1958	129	Avocat (obsolète)	18/06/2017
49	Maine-Et-Loire			4901	1Ère Circonscription	ORPHELIN	Matthieu	M	03/12/1972	85	Personne diverse sans activité professionnelle de moins de 60 ans (sauf retraité)	18/06/2017
49	Maine-Et-Loire			4902	2Ème Circonscription	DUPONT	Stella	F	03/11/1973	46	Profession intermédiaire administrative et commerciale des entreprises	18/06/2017
49	Maine-Et-Loire			4903	3Ème Circonscription	BLIN	Anne-Laure	F	12/06/1983	37	Cadre administratif et commercial d'entreprise	28/09/2020
49	Maine-Et-Loire			4904	4Ème Circonscription	SAINT-PAUL	Laëtitia	F	21/01/1981	147	Fonctionnaire de catégorie A (obsolète)	18/06/2017
49	Maine-Et-Loire			4905	5Ème Circonscription	MASSEGLIA	Denis	M	11/04/1981	113	Ingénieur (obsolète)	18/06/2017
49	Maine-Et-Loire			4906	6Ème Circonscription	DUBRE-CHIRAT	Nicole	F	18/12/1951	163	Retraité fonct.publique (sf enseig.) (obsolète)	18/06/2017
49	Maine-Et-Loire			4907	7Ème Circonscription	BOLO	Philippe	M	25/03/1967	33	Cadre de la fonction publique	18/06/2017
50	Manche			5001	1Ère Circonscription	GOSSELIN	Philippe	M	23/10/1966	34	Professeur, profession scientifique	18/06/2017
50	Manche			5002	2Ème Circonscription	SORRE	Bertrand	M	08/05/1965	143	Enseignant 1er deg.-directeur école (obsolète)	18/06/2017
50	Manche			5003	3Ème Circonscription	TRAVERT	Stéphane	M	12/10/1969	118	Cadre supérieur (secteur privé) (obsolète)	18/06/2017
50	Manche			5004	4Ème Circonscription	KRIMI	Sonia	F	20/12/1982	33	Cadre de la fonction publique	18/06/2017
51	Marne			5101	1Ère Circonscription	BEAUVAIS	Valérie	F	08/03/1963	33	Cadre de la fonction publique	18/06/2017
51	Marne			5102	2Ème Circonscription	KURIC	Aina	F	15/05/1987	105	Industriel-Chef entreprise (obsolète)	18/06/2017
51	Marne			5103	3Ème Circonscription	GIRARDIN	Eric	M	12/02/1962	72	Ancien artisan, commerçant, chef d'entreprise	18/06/2017
51	Marne			5104	4Ème Circonscription	MAGNIER	Lise	F	31/12/1984	33	Cadre de la fonction publique	18/06/2017
51	Marne			5105	5Ème Circonscription	DE COURSON	Charles	M	02/04/1952	74	Ancien cadre	18/06/2017
52	Haute-Marne			5201	1Ère Circonscription	TEMPLIER	Sylvain	M	27/12/1971	124	Médecin (obsolète)	27/08/2020
52	Haute-Marne			5202	2Ème Circonscription	CORNUT-GENTILLE	François	M	22/05/1958	74	Ancien cadre	18/06/2017
53	Mayenne			5301	1Ère Circonscription	GAROT	Guillaume	M	29/05/1966	33	Cadre de la fonction publique	18/06/2017
53	Mayenne			5302	2Ème Circonscription	BANNIER	Géraldine	F	22/11/1979	34	Professeur, profession scientifique	18/06/2017
53	Mayenne			5303	3Ème Circonscription	FAVENNEC	Yannick	M	12/08/1958	154	Permanent politique (obsolète)	18/06/2017
54	Meurthe-Et-Moselle			5401	1Ère Circonscription	GRANDJEAN	Carole	F	18/05/1993	118	Cadre supérieur (secteur privé) (obsolète)	18/06/2017
54	Meurthe-Et-Moselle			5402	2Ème Circonscription	CESAR	Pascale	F	15/01/1967	45	Profession intermédiaire administrative de la fonction publique	30/01/2022
54	Meurthe-Et-Moselle			5403	3Ème Circonscription	PALUSZKIEWICZ	Xavier	M	13/12/1972	120	Employé (secteur privé) (obsolète)	18/06/2017
54	Meurthe-Et-Moselle			5404	4Ème Circonscription	BAZIN	Thibault	M	27/10/1984	85	Personne diverse sans activité professionnelle de moins de 60 ans (sauf retraité)	18/06/2017
54	Meurthe-Et-Moselle			5405	5Ème Circonscription	POTIER	Dominique	M	17/03/1964	101	Agriculteur propriétaire exploit. (obsolète)	18/06/2017
54	Meurthe-Et-Moselle			5406	6Ème Circonscription	FIAT	Caroline	F	28/01/1977	123	Salarié du secteur médical (obsolète)	18/06/2017
55	Meuse			5501	1Ère Circonscription	PANCHER	Bertrand	M	05/06/1958	23	Chef d'entreprise de 10 salariés ou plus	18/06/2017
55	Meuse			5502	2Ème Circonscription	CARIOU	Emilie	F	14/10/1971	147	Fonctionnaire de catégorie A (obsolète)	18/06/2017
56	Morbihan			5601	1Ère Circonscription	PELLOIS	Hervé	M	17/04/1951	118	Cadre supérieur (secteur privé) (obsolète)	18/06/2017
56	Morbihan			5602	2Ème Circonscription	PAHUN	Jimmy	M	15/05/1962	156	Autre profession (obsolète)	18/06/2017
56	Morbihan			5603	3Ème Circonscription	LE PEIH	Nicole	F	28/09/1959	101	Agriculteur propriétaire exploit. (obsolète)	18/06/2017
56	Morbihan			5604	4Ème Circonscription	MOLAC	Paul	M	21/05/1962	34	Professeur, profession scientifique	11/06/2017
56	Morbihan			5605	5Ème Circonscription	ROUILLARD	Gwendal	M	20/04/1976	154	Permanent politique (obsolète)	18/06/2017
56	Morbihan			5606	6Ème Circonscription	JACQUES	Jean-Michel	M	26/02/1968	139	Autre profession libérale (obsolète)	18/06/2017
57	Moselle			5701	1Ère Circonscription	BELHADDAD	Belkhir	M	09/07/1969	105	Industriel-Chef entreprise (obsolète)	18/06/2017
57	Moselle			5702	2Ème Circonscription	MENDES	Ludovic	M	11/04/1987	118	Cadre supérieur (secteur privé) (obsolète)	18/06/2017
57	Moselle			5703	3Ème Circonscription	LIOGER	Richard	M	18/09/1957	141	Professeur de faculté (obsolète)	18/06/2017
57	Moselle			5704	4Ème Circonscription	DI FILIPPO	Fabien	M	23/08/1986	37	Cadre administratif et commercial d'entreprise	18/06/2017
57	Moselle			5705	5Ème Circonscription	GRIES-TRISSE	Nicole	F	29/06/1963	123	Salarié du secteur médical (obsolète)	18/06/2017
57	Moselle			5706	6Ème Circonscription	AREND	Christophe	M	12/08/1975	31	Profession libérale	18/06/2017
57	Moselle			5707	7Ème Circonscription	ZANNIER	Hélène	F	19/09/1972	147	Fonctionnaire de catégorie A (obsolète)	18/06/2017
57	Moselle			5708	8Ème Circonscription	HAMMOUCHE	Brahim	M	17/05/1971	124	Médecin (obsolète)	18/06/2017
57	Moselle			5709	9Ème Circonscription	RAUCH	Isabelle	F	10/08/1968	33	Cadre de la fonction publique	18/06/2017
58	Nièvre			5801	1Ère Circonscription	GOULET	Perrine	F	19/03/1978	119	Autre cadre (secteur privé) (obsolète)	18/06/2017
58	Nièvre			5802	2Ème Circonscription	PERROT	Patrice	M	24/02/1964	23	Chef d'entreprise de 10 salariés ou plus	18/06/2017
59	Nord			5901	1Ère Circonscription	QUATENNENS	Adrien	M	23/05/1990	120	Employé (secteur privé) (obsolète)	18/06/2017
59	Nord			5902	2Ème Circonscription	BERNALICIS	Ugo	M	25/09/1989	147	Fonctionnaire de catégorie A (obsolète)	18/06/2017
59	Nord			5903	3Ème Circonscription	DI POMPEO	Christophe	M	15/07/1964	141	Professeur de faculté (obsolète)	18/06/2017
59	Nord			5904	4Ème Circonscription	LISO	Brigitte	F	29/07/1959	109	Commercant (obsolète)	18/06/2017
59	Nord			5905	5Ème Circonscription	HUYGHE	Sébastien	M	25/10/1969	31	Profession libérale	18/06/2017
59	Nord			5906	6Ème Circonscription	PARMENTIER-LECOCQ	Charlotte	F	17/07/1977	23	Chef d'entreprise de 10 salariés ou plus	18/06/2017
59	Nord			5907	7Ème Circonscription	SIX	Valérie	F	11/01/1963	31	Profession libérale	23/06/2020
59	Nord			5908	8Ème Circonscription	OSSON	Catherine	F	07/02/1974	34	Professeur, profession scientifique	18/06/2017
59	Nord			5909	9Ème Circonscription	PETIT	Valérie	F	23/06/1976	144	Profession rattachée à enseignt. (obsolète)	18/06/2017
59	Nord			5910	10Ème Circonscription	LEDOUX	Vincent	M	21/06/1966	34	Professeur, profession scientifique	18/06/2017
59	Nord			5911	11Ème Circonscription	MORLIGHEM	Florence	F	10/04/1970	46	Profession intermédiaire administrative et commerciale des entreprises	18/01/2020
59	Nord			5912	12Ème Circonscription	CATTELOT	Anne Laure	F	25/10/1988	154	Permanent politique (obsolète)	18/06/2017
59	Nord			5913	13Ème Circonscription	HUTIN	Christian	M	18/01/1961	124	Médecin (obsolète)	18/06/2017
59	Nord			5914	14Ème Circonscription	CHRISTOPHE	Paul	M	10/02/1971	33	Cadre de la fonction publique	18/06/2017
59	Nord			5915	15Ème Circonscription	DE TEMMERMAN	Jennifer	F	16/02/1977	33	Cadre de la fonction publique	18/06/2017
59	Nord			5916	16Ème Circonscription	BRUNEEL	Alain	M	07/03/1952	78	Ancien ouvrier	18/06/2017
59	Nord			5917	17Ème Circonscription	HOUBRON	Dimitri	M	12/02/1991	132	Conseiller juridique (obsolète)	18/06/2017
59	Nord			5918	18Ème Circonscription	BRICOUT	Guy	M	18/02/1944	163	Retraité fonct.publique (sf enseig.) (obsolète)	18/06/2017
59	Nord			5919	19Ème Circonscription	CHENU	Sébastien	M	13/04/1973	33	Cadre de la fonction publique	18/06/2017
59	Nord			5920	20Ème Circonscription	ROUSSEL	Fabien	M	16/04/1969	52	Employé civil et agent de service de la fonction publique	18/06/2017
59	Nord			5921	21Ème Circonscription	DESCAMPS	Béatrice	F	24/04/1961	42	Professeur des écoles, instituteur et assimilé	18/06/2017
60	Oise			6001	1Ère Circonscription	HABERT-DASSAULT	Victor	M	12/07/1992	31	Profession libérale	06/06/2021
60	Oise			6002	2Ème Circonscription	THILL	Agnès	F	02/06/1964	143	Enseignant 1er deg.-directeur école (obsolète)	18/06/2017
60	Oise			6003	3Ème Circonscription	BOIS	Pascal	M	03/12/1959	119	Autre cadre (secteur privé) (obsolète)	18/06/2017
60	Oise			6004	4Ème Circonscription	WOERTH	Eric	M	29/01/1956	154	Permanent politique (obsolète)	18/06/2017
60	Oise			6005	5Ème Circonscription	VATIN	Pierre	M	21/08/1967	33	Cadre de la fonction publique	18/06/2017
60	Oise			6006	6Ème Circonscription	BUREAU-BONNARD	Carole	F	09/08/1965	139	Autre profession libérale (obsolète)	18/06/2017
60	Oise			6007	7Ème Circonscription	MINOT	Maxime	M	20/07/1987	77	Ancien employé	18/06/2017
61	Orne			6101	1Ère Circonscription	JOURDAN	Chantal	F	02/09/1958	33	Cadre de la fonction publique	03/08/2020
61	Orne			6102	2Ème Circonscription	LOUWAGIE	Véronique	F	20/03/1961	31	Profession libérale	18/06/2017
61	Orne			6103	3Ème Circonscription	NURY	Jérôme	M	25/08/1972	85	Personne diverse sans activité professionnelle de moins de 60 ans (sauf retraité)	18/06/2017
62	Pas-De-Calais			6201	1Ère Circonscription	DUVERGE	Bruno	M	03/04/1957	118	Cadre supérieur (secteur privé) (obsolète)	18/06/2017
62	Pas-De-Calais			6202	2Ème Circonscription	MAQUET	Jacqueline	F	13/05/1949	154	Permanent politique (obsolète)	18/06/2017
62	Pas-De-Calais			6203	3Ème Circonscription	BLAIRY	Emmanuel	M	14/03/1986	31	Profession libérale	07/01/2022
62	Pas-De-Calais			6204	4Ème Circonscription	THERRY	Robert	M	27/06/1947	159	Retr.artis.commerc.chef d'entrep. (obsolète)	05/08/2020
62	Pas-De-Calais			6205	5Ème Circonscription	PONT	Jean-Pierre	M	09/05/1950	124	Médecin (obsolète)	18/06/2017
62	Pas-De-Calais			6206	6Ème Circonscription	LECLERCQ	Christophe	M	26/02/1967	38	Ingénieur et cadre technique d'entreprise	07/07/2021
62	Pas-De-Calais			6207	7Ème Circonscription	DUMONT	Pierre-Henri	M	07/10/1987	85	Personne diverse sans activité professionnelle de moins de 60 ans (sauf retraité)	18/06/2017
62	Pas-De-Calais			6208	8Ème Circonscription	POTTERIE	Benoît	M	23/07/1967	109	Commercant (obsolète)	18/06/2017
62	Pas-De-Calais			6209	9Ème Circonscription	DEPREZ-AUDEBERT	Marguerite	F	17/05/1952	161	Retraité salarié privé (obsolète)	18/06/2017
62	Pas-De-Calais			6210	10Ème Circonscription	HOUPLAIN	Myriane	F	05/06/1946	77	Ancien employé	22/04/2021
62	Pas-De-Calais			6211	11Ème Circonscription	LE PEN	Marine	F	05/08/1968	31	Profession libérale	18/06/2017
62	Pas-De-Calais			6212	12Ème Circonscription	BILDE	Bruno	M	22/09/1976	31	Profession libérale	18/06/2017
63	Puy-De-Dôme			6301	1Ère Circonscription	THOMAS	Valérie	F	21/01/1968	139	Autre profession libérale (obsolète)	18/06/2017
63	Puy-De-Dôme			6302	2Ème Circonscription	PIRES BEAUNE	Christine	F	06/10/1964	147	Fonctionnaire de catégorie A (obsolète)	18/06/2017
63	Puy-De-Dôme			6303	3Ème Circonscription	VICHNIEVSKY	Laurence	F	05/02/1955	145	Magistrat (obsolète)	18/06/2017
63	Puy-De-Dôme			6304	4Ème Circonscription	FANGET	Michel	M	03/05/1950	31	Profession libérale	18/06/2017
63	Puy-De-Dôme			6305	5Ème Circonscription	CHASSAIGNE	André	M	02/07/1950	75	Ancienne profession intermédiaire	18/06/2017
64	Pyrénées-Atlantiques			6401	1Ère Circonscription	POUEYTO	Josy	F	13/01/1954	33	Cadre de la fonction publique	18/06/2017
64	Pyrénées-Atlantiques			6402	2Ème Circonscription	MATTEI	Jean-Paul	M	21/03/1954	31	Profession libérale	18/06/2017
64	Pyrénées-Atlantiques			6403	3Ème Circonscription	HABIB	David	M	16/03/1961	74	Ancien cadre	18/06/2017
64	Pyrénées-Atlantiques			6404	4Ème Circonscription	LASSALLE	Jean	M	03/05/1955	154	Permanent politique (obsolète)	18/06/2017
64	Pyrénées-Atlantiques			6405	5Ème Circonscription	LASSERRE	Florence	F	29/06/1974	85	Personne diverse sans activité professionnelle de moins de 60 ans (sauf retraité)	18/06/2017
64	Pyrénées-Atlantiques			6406	6Ème Circonscription	BRU	Vincent	M	29/04/1955	141	Professeur de faculté (obsolète)	18/06/2017
65	Hautes-Pyrénées			6501	1Ère Circonscription	SEMPASTOUS	Jean-Bernard	M	05/08/1964	142	Professeur du secondaire et techn. (obsolète)	18/06/2017
65	Hautes-Pyrénées			6502	2Ème Circonscription	DUBIE	Jeanine	F	03/01/1958	147	Fonctionnaire de catégorie A (obsolète)	18/06/2017
66	Pyrénées-Orientales			6601	1Ère Circonscription	GRAU	Romain	M	21/06/1974	31	Profession libérale	18/06/2017
66	Pyrénées-Orientales			6602	2Ème Circonscription	PUJOL	Catherine	F	06/04/1960	33	Cadre de la fonction publique	03/08/2020
66	Pyrénées-Orientales			6603	3Ème Circonscription	GAYTE	Laurence	F	25/09/1965	118	Cadre supérieur (secteur privé) (obsolète)	18/06/2017
66	Pyrénées-Orientales			6604	4Ème Circonscription	CAZENOVE	Sébastien	M	28/12/1976	33	Cadre de la fonction publique	18/06/2017
67	Bas-Rhin			6701	1Ère Circonscription	MICHELS	Thierry	M	27/08/1960	118	Cadre supérieur (secteur privé) (obsolète)	18/06/2017
67	Bas-Rhin			6702	2Ème Circonscription	WASERMAN	Sylvain	M	08/12/1967	33	Cadre de la fonction publique	18/06/2017
67	Bas-Rhin			6703	3Ème Circonscription	STUDER	Bruno	M	18/06/1978	142	Professeur du secondaire et techn. (obsolète)	18/06/2017
67	Bas-Rhin			6704	4Ème Circonscription	WONNER	Martine	F	27/03/1964	118	Cadre supérieur (secteur privé) (obsolète)	18/06/2017
67	Bas-Rhin			6705	5Ème Circonscription	HERTH	Antoine	M	14/02/1963	11	Agriculteur sur petite exploitation	18/06/2017
67	Bas-Rhin			6706	6Ème Circonscription	MEYER	Philippe	M	29/04/1969	34	Professeur, profession scientifique	28/06/2020
67	Bas-Rhin			6707	7Ème Circonscription	HETZEL	Patrick	M	02/07/1964	141	Professeur de faculté (obsolète)	18/06/2017
67	Bas-Rhin			6708	8Ème Circonscription	REISS	Frédéric	M	12/11/1949	162	Retraité de l'enseignement (obsolète)	18/06/2017
67	Bas-Rhin			6709	9Ème Circonscription	THIEBAUT	Vincent	M	23/05/1972	37	Cadre administratif et commercial d'entreprise	18/06/2017
68	Haut-Rhin			6801	1Ère Circonscription	HEMEDINGER	Yves	M	23/10/1965	37	Cadre administratif et commercial d'entreprise	28/09/2020
68	Haut-Rhin			6802	2Ème Circonscription	CATTIN	Jacques	M	04/06/1958	13	Agriculteur sur grande exploitation	18/06/2017
68	Haut-Rhin			6803	3Ème Circonscription	REITZER	Jean-Luc	M	29/12/1951	118	Cadre supérieur (secteur privé) (obsolète)	18/06/2017
68	Haut-Rhin			6804	4Ème Circonscription	SCHELLENBERGER	Raphaël	M	14/02/1990	33	Cadre de la fonction publique	18/06/2017
68	Haut-Rhin			6805	5Ème Circonscription	BECHT	Olivier	M	28/04/1976	33	Cadre de la fonction publique	18/06/2017
68	Haut-Rhin			6806	6Ème Circonscription	FUCHS	Bruno	M	07/04/1959	105	Industriel-Chef entreprise (obsolète)	18/06/2017
69	Rhône			6901	1Ère Circonscription	RUDIGOZ	Thomas	M	11/01/1971	85	Personne diverse sans activité professionnelle de moins de 60 ans (sauf retraité)	18/06/2017
69	Rhône			6902	2Ème Circonscription	JULIEN-LAFERRIERE	Hubert	M	27/02/1966	141	Professeur de faculté (obsolète)	18/06/2017
69	Rhône			6903	3Ème Circonscription	TOURAINE	Jean-Louis	M	08/10/1945	163	Retraité fonct.publique (sf enseig.) (obsolète)	18/06/2017
69	Rhône			6904	4Ème Circonscription	BRUGNERA	Anne	F	28/11/1970	33	Cadre de la fonction publique	18/06/2017
69	Rhône			6905	5Ème Circonscription	BROCARD	Blandine	F	03/11/1981	120	Employé (secteur privé) (obsolète)	18/06/2017
69	Rhône			6906	6Ème Circonscription	BONNELL	Bruno	M	06/10/1958	105	Industriel-Chef entreprise (obsolète)	18/06/2017
69	Rhône			6907	7Ème Circonscription	KHEDHER	Anissa	F	01/04/1980	147	Fonctionnaire de catégorie A (obsolète)	18/06/2017
69	Rhône			6908	8Ème Circonscription	SERRE	Nathalie	F	17/08/1968	46	Profession intermédiaire administrative et commerciale des entreprises	18/06/2020
69	Rhône			6909	9Ème Circonscription	PERRUT	Bernard	M	24/01/1957	34	Professeur, profession scientifique	18/06/2017
69	Rhône			6910	10Ème Circonscription	GASSILLOUD	Thomas	M	21/05/1981	105	Industriel-Chef entreprise (obsolète)	18/06/2017
69	Rhône			6911	11Ème Circonscription	FUGIT	Jean-Luc	M	27/11/1969	141	Professeur de faculté (obsolète)	18/06/2017
69	Rhône			6912	12Ème Circonscription	ISAAC-SIBILLE	Cyrille	M	30/04/1958	124	Médecin (obsolète)	18/06/2017
69	Rhône			6913	13Ème Circonscription	CAZARIAN	Danièle	F	31/08/1965	106	Administrateur de sociétés (obsolète)	18/06/2017
69	Rhône			6914	14Ème Circonscription	BLEIN	Yves	M	12/10/1954	74	Ancien cadre	18/06/2017
70	Haute-Saône			7001	1Ère Circonscription	BESSOT BALLOT	Barbara	F	13/04/1972	151	Cadre (entreprises publiques) (obsolète)	18/06/2017
70	Haute-Saône			7002	2Ème Circonscription	LEJEUNE	Christophe	M	22/03/1969	22	Commerçant et assimilé	18/06/2017
71	Saône-Et-Loire			7101	1Ère Circonscription	DIRX	Benjamin	M	25/01/1979	23	Chef d'entreprise de 10 salariés ou plus	18/06/2017
71	Saône-Et-Loire			7102	2Ème Circonscription	CORNELOUP	Josiane	F	30/09/1959	31	Profession libérale	18/06/2017
71	Saône-Et-Loire			7103	3Ème Circonscription	REBEYROTTE	Rémy	M	27/03/1966	34	Professeur, profession scientifique	18/06/2017
71	Saône-Et-Loire			7104	4Ème Circonscription	UNTERMAIER	Cécile	F	28/12/1951	145	Magistrat (obsolète)	18/06/2017
71	Saône-Et-Loire			7105	5Ème Circonscription	GAUVAIN	Raphaël	M	10/04/1973	129	Avocat (obsolète)	18/06/2017
72	Sarthe			7201	1Ère Circonscription	PICHEREAU	Damien	M	28/01/1988	120	Employé (secteur privé) (obsolète)	18/06/2017
72	Sarthe			7202	2Ème Circonscription	KARAMANLI	Marietta	F	18/12/1964	34	Professeur, profession scientifique	18/06/2017
72	Sarthe			7203	3Ème Circonscription	FONTENEL-PERSONNE	Pascale	F	26/05/1962	105	Industriel-Chef entreprise (obsolète)	18/06/2017
72	Sarthe			7204	4Ème Circonscription	TOLMONT	Sylvie	F	09/10/1962	74	Ancien cadre	12/07/2018
72	Sarthe			7205	5Ème Circonscription	GRELIER	Jean-Carles	M	15/03/1966	33	Cadre de la fonction publique	18/06/2017
73	Savoie			7301	1Ère Circonscription	DEGOIS	Typhanie	F	06/01/1993	140	Etudiant (obsolète)	18/06/2017
73	Savoie			7302	2Ème Circonscription	ROLLAND	Vincent	M	01/02/1970	37	Cadre administratif et commercial d'entreprise	18/06/2017
73	Savoie			7303	3Ème Circonscription	BONNIVARD	Emilie	F	02/08/1980	33	Cadre de la fonction publique	18/06/2017
73	Savoie			7304	4Ème Circonscription	MIGNOLA	Patrick	M	08/08/1971	105	Industriel-Chef entreprise (obsolète)	18/06/2017
74	Haute-Savoie			7401	1Ère Circonscription	RIOTTON	Véronique	F	02/11/1969	119	Autre cadre (secteur privé) (obsolète)	18/06/2017
74	Haute-Savoie			7402	2Ème Circonscription	REY	Jacques	M	17/10/1942	161	Retraité salarié privé (obsolète)	30/01/2022
74	Haute-Savoie			7403	3Ème Circonscription	PETEX-LEVET	Christelle	F	02/09/1980	46	Profession intermédiaire administrative et commerciale des entreprises	01/08/2021
74	Haute-Savoie			7404	4Ème Circonscription	DUBY-MULLER	Virginie	F	16/08/1979	37	Cadre administratif et commercial d'entreprise	18/06/2017
74	Haute-Savoie			7405	5Ème Circonscription	LENNE	Marion	F	20/11/1974	119	Autre cadre (secteur privé) (obsolète)	18/06/2017
74	Haute-Savoie			7406	6Ème Circonscription	ROSEREN	Xavier	M	12/01/1970	109	Commercant (obsolète)	18/06/2017
75	Paris			7501	1Ère Circonscription	MAILLARD	Sylvain	M	28/04/1974	105	Industriel-Chef entreprise (obsolète)	11/06/2017
75	Paris			7502	2Ème Circonscription	LE GENDRE	Gilles	M	13/05/1958	105	Industriel-Chef entreprise (obsolète)	18/06/2017
75	Paris			7503	3Ème Circonscription	GUERINI	Stanislas	M	14/05/1982	118	Cadre supérieur (secteur privé) (obsolète)	18/06/2017
75	Paris			7504	4Ème Circonscription	KUSTER	Brigitte	F	12/04/1959	86	Personne diverse sans activité professionnelle de 60 ans et plus (sauf retraité)	18/06/2017
75	Paris			7506	6Ème Circonscription	PERSON	Pierre	M	22/01/1989	119	Autre cadre (secteur privé) (obsolète)	18/06/2017
75	Paris			7507	7Ème Circonscription	RUPIN	Pacôme	M	25/01/1985	72	Ancien artisan, commerçant, chef d'entreprise	18/06/2017
75	Paris			7508	8Ème Circonscription	AVIA	Laëtitia	F	29/10/1985	129	Avocat (obsolète)	18/06/2017
75	Paris			7509	9Ème Circonscription	TAN	Buon	M	10/03/1967	109	Commercant (obsolète)	18/06/2017
75	Paris			7510	10Ème Circonscription	LANG	Anne-Christine	F	10/08/1961	147	Fonctionnaire de catégorie A (obsolète)	18/06/2017
75	Paris			7511	11Ème Circonscription	GATEL	Maud	F	06/04/1979	37	Cadre administratif et commercial d'entreprise	13/01/2021
75	Paris			7512	12Ème Circonscription	SILIN	Marie	F	04/10/1978	33	Cadre de la fonction publique	27/08/2020
75	Paris			7513	13Ème Circonscription	RENSON	Hugues	M	11/02/1978	150	Cadre sup. (entreprises publiques) (obsolète)	18/06/2017
75	Paris			7514	14Ème Circonscription	BOËLLE	Sandrine	F	26/05/1961	77	Ancien employé	28/05/2020
75	Paris			7515	15Ème Circonscription	EL AARAJE	Lamia	F	22/11/1986	37	Cadre administratif et commercial d'entreprise	06/06/2021
75	Paris			7516	16Ème Circonscription	MAHJOUBI	Mounir	M	01/03/1984	139	Autre profession libérale (obsolète)	29/04/2019
75	Paris			7517	17Ème Circonscription	OBONO	Danièle	F	12/07/1980	147	Fonctionnaire de catégorie A (obsolète)	18/06/2017
75	Paris			7518	18Ème Circonscription	BOURNAZEL	Pierre-Yves	M	31/08/1977	139	Autre profession libérale (obsolète)	18/06/2017
76	Seine-Maritime			7601	1Ère Circonscription	ADAM	Damien	M	28/06/1989	118	Cadre supérieur (secteur privé) (obsolète)	18/06/2017
76	Seine-Maritime			7602	2Ème Circonscription	VIDAL	Annie	F	17/09/1956	147	Fonctionnaire de catégorie A (obsolète)	18/06/2017
76	Seine-Maritime			7603	3Ème Circonscription	WULFRANC	Hubert	M	17/12/1956	34	Professeur, profession scientifique	18/06/2017
76	Seine-Maritime			7604	4Ème Circonscription	SYLLA	Sira	F	14/03/1980	129	Avocat (obsolète)	18/06/2017
76	Seine-Maritime			7605	5Ème Circonscription	LESEUL	Gérard	M	19/08/1960	34	Professeur, profession scientifique	28/09/2020
76	Seine-Maritime			7606	6Ème Circonscription	JUMEL	Sébastien	M	20/12/1971	45	Profession intermédiaire administrative de la fonction publique	18/06/2017
76	Seine-Maritime			7607	7Ème Circonscription	FIRMIN LE BODO	Agnès	F	20/11/1968	128	Pharmacien (obsolète)	18/06/2017
76	Seine-Maritime			7608	8Ème Circonscription	LECOQ	Jean-Paul	M	13/10/1958	47	Technicien	18/06/2017
76	Seine-Maritime			7609	9Ème Circonscription	KERBARH	Stéphanie	F	31/07/1975	105	Industriel-Chef entreprise (obsolète)	18/06/2017
76	Seine-Maritime			7610	10Ème Circonscription	BATUT	Xavier	M	26/12/1976	86	Personne diverse sans activité professionnelle de 60 ans et plus (sauf retraité)	18/06/2017
77	Seine-Et-Marne			7701	1Ère Circonscription	LUQUET	Aude	F	18/08/1967	33	Cadre de la fonction publique	18/06/2017
77	Seine-Et-Marne			7702	2Ème Circonscription	BOUCHET BELLECOURT	Sylvie	F	03/07/1957	31	Profession libérale	23/06/2020
77	Seine-Et-Marne			7703	3Ème Circonscription	THIERIOT	Jean-Louis	M	26/06/1969	31	Profession libérale	16/07/2018
77	Seine-Et-Marne			7704	4Ème Circonscription	JACOB	Christian	M	04/12/1959	156	Autre profession (obsolète)	18/06/2017
77	Seine-Et-Marne			7705	5Ème Circonscription	LEMOINE	Patricia	F	30/12/1961	157	Sans profession déclarée (obsolète)	18/06/2017
77	Seine-Et-Marne			7707	7Ème Circonscription	KOKOUENDO	Rodrigue	M	08/03/1974	119	Autre cadre (secteur privé) (obsolète)	18/06/2017
77	Seine-Et-Marne			7708	8Ème Circonscription	FAUVERGUE	Jean-Michel	M	31/01/1957	147	Fonctionnaire de catégorie A (obsolète)	18/06/2017
77	Seine-Et-Marne			7709	9Ème Circonscription	PEYRON	Michèle	F	22/07/1961	119	Autre cadre (secteur privé) (obsolète)	18/06/2017
77	Seine-Et-Marne			7710	10Ème Circonscription	DO	Stéphanie	F	20/12/1979	33	Cadre de la fonction publique	18/06/2017
77	Seine-Et-Marne			7711	11Ème Circonscription	FAURE	Olivier	M	18/08/1968	118	Cadre supérieur (secteur privé) (obsolète)	18/06/2017
78	Yvelines			7801	1Ère Circonscription	BAICHERE	Didier	M	20/08/1970	118	Cadre supérieur (secteur privé) (obsolète)	18/06/2017
78	Yvelines			7802	2Ème Circonscription	BARROT	Jean-Noël	M	13/05/1983	33	Cadre de la fonction publique	18/06/2017
78	Yvelines			7803	3Ème Circonscription	PIRON	Béatrice	F	30/08/1965	105	Industriel-Chef entreprise (obsolète)	18/06/2017
78	Yvelines			7804	4Ème Circonscription	LEBEC	Marie	F	17/12/1990	119	Autre cadre (secteur privé) (obsolète)	18/06/2017
78	Yvelines			7805	5Ème Circonscription	BRAUN-PIVET	Yaël	F	07/12/1970	31	Profession libérale	18/06/2017
78	Yvelines			7806	6Ème Circonscription	POUZYREFF	Natalia	F	18/02/1961	142	Professeur du secondaire et techn. (obsolète)	18/06/2017
78	Yvelines			7807	7Ème Circonscription	DE VAUCOULEURS	Michèle	F	12/02/1964	119	Autre cadre (secteur privé) (obsolète)	18/06/2017
78	Yvelines			7808	8Ème Circonscription	VIALAY	Michel	M	06/01/1960	86	Personne diverse sans activité professionnelle de 60 ans et plus (sauf retraité)	18/06/2017
78	Yvelines			7809	9Ème Circonscription	MILLIENNE	Bruno	M	28/11/1959	118	Cadre supérieur (secteur privé) (obsolète)	18/06/2017
78	Yvelines			7810	10Ème Circonscription	BERGÉ	Aurore	F	13/11/1986	33	Cadre de la fonction publique	18/06/2017
78	Yvelines			7811	11Ème Circonscription	BENASSAYA	Philippe	M	04/08/1964	85	Personne diverse sans activité professionnelle de moins de 60 ans (sauf retraité)	28/09/2020
78	Yvelines			7812	12Ème Circonscription	GRANJUS	Florence	F	17/05/1962	150	Cadre sup. (entreprises publiques) (obsolète)	18/06/2017
79	Deux-Sèvres			7901	1Ère Circonscription	CHICHE	Guillaume	M	30/03/1986	119	Autre cadre (secteur privé) (obsolète)	18/06/2017
79	Deux-Sèvres			7902	2Ème Circonscription	BATHO	Delphine	F	23/03/1973	147	Fonctionnaire de catégorie A (obsolète)	18/06/2017
79	Deux-Sèvres			7903	3Ème Circonscription	FIEVET	Jean-Marie	M	19/06/1964	148	Fonctionnaire de catégorie B (obsolète)	18/06/2017
80	Somme			8001	1Ère Circonscription	RUFFIN	François	M	18/10/1975	137	Journaliste et autre média (obsolète)	18/06/2017
80	Somme			8002	2Ème Circonscription	DELPIROU	Cécile	F	23/03/1964	38	Ingénieur et cadre technique d'entreprise	07/08/2020
80	Somme			8003	3Ème Circonscription	MAQUET	Emmanuel	M	02/06/1968	37	Cadre administratif et commercial d'entreprise	18/06/2017
80	Somme			8004	4Ème Circonscription	LECLABART	Jean-Claude	M	04/12/1954	158	Retraité agricole (obsolète)	18/06/2017
80	Somme			8005	5Ème Circonscription	LABILLE	Gregory	M	10/07/1968	34	Professeur, profession scientifique	08/10/2020
81	Tarn			8101	1Ère Circonscription	ROQUES-ETIENNE	Muriel	F	05/03/1979	134	Expert comptable (obsolète)	08/10/2020
81	Tarn			8102	2Ème Circonscription	VERDIER-JOUCLAS	Marie-Christine	F	19/03/1965	156	Autre profession (obsolète)	18/06/2017
81	Tarn			8103	3Ème Circonscription	TERLIER	Jean	M	02/03/1977	129	Avocat (obsolète)	18/06/2017
82	Tarn-Et-Garonne			8201	1Ère Circonscription	RABAULT	Valérie	F	25/04/1973	38	Ingénieur et cadre technique d'entreprise	18/06/2017
82	Tarn-Et-Garonne			8202	2Ème Circonscription	PINEL	Sylvia	F	28/09/1977	156	Autre profession (obsolète)	18/06/2017
83	Var			8301	1Ère Circonscription	LEVY	Geneviève	F	24/02/1948	86	Personne diverse sans activité professionnelle de 60 ans et plus (sauf retraité)	18/06/2017
83	Var			8302	2Ème Circonscription	MUSCHOTTI	Cécile	F	30/10/1987	33	Cadre de la fonction publique	18/06/2017
83	Var			8303	3Ème Circonscription	AUDIBERT	Edith	F	07/03/1948	106	Administrateur de sociétés (obsolète)	03/08/2020
83	Var			8304	4Ème Circonscription	MAUBORGNE	Sereine	F	03/05/1972	139	Autre profession libérale (obsolète)	18/06/2017
83	Var			8305	5Ème Circonscription	MICHEL-KLEISBAUER	Philippe	M	06/03/1969	132	Conseiller juridique (obsolète)	18/06/2017
83	Var			8306	6Ème Circonscription	GOMEZ-BASSAC	Valérie	F	16/07/1969	129	Avocat (obsolète)	18/06/2017
83	Var			8307	7Ème Circonscription	GUEREL	Emilie	F	18/12/1983	34	Professeur, profession scientifique	18/06/2017
83	Var			8308	8Ème Circonscription	MATRAS	Fabien	M	12/09/1984	156	Autre profession (obsolète)	18/06/2017
84	Vaucluse			8401	1Ère Circonscription	ZITOUNI	Souad	F	23/04/1974	31	Profession libérale	30/03/2020
84	Vaucluse			8402	2Ème Circonscription	BOUCHET	Jean-Claude	M	02/05/1957	156	Autre profession (obsolète)	18/06/2017
84	Vaucluse			8403	3Ème Circonscription	MORENAS	Adrien	M	01/01/1982	140	Etudiant (obsolète)	06/04/2021
84	Vaucluse			8404	4Ème Circonscription	LORHO	Marie-France	F	15/12/1964	37	Cadre administratif et commercial d'entreprise	22/08/2017
84	Vaucluse			8405	5Ème Circonscription	AUBERT	Julien	M	11/06/1978	146	Grands corps de l'état (obsolète)	18/06/2017
85	Vendée			8501	1Ère Circonscription	LATOMBE	Philippe	M	21/04/1975	118	Cadre supérieur (secteur privé) (obsolète)	18/06/2017
85	Vendée			8502	2Ème Circonscription	LOISEAU	Patrick	M	08/05/1960	150	Cadre sup. (entreprises publiques) (obsolète)	07/07/2019
85	Vendée			8503	3Ème Circonscription	BUCHOU	Stéphane	M	14/03/1974	118	Cadre supérieur (secteur privé) (obsolète)	18/06/2017
85	Vendée			8504	4Ème Circonscription	LEGUILLE-BALLOY	Martine	F	06/09/1957	129	Avocat (obsolète)	18/06/2017
85	Vendée			8505	5Ème Circonscription	HENRIET	Pierre	M	26/11/1991	142	Professeur du secondaire et techn. (obsolète)	18/06/2017
86	Vienne			8601	1Ère Circonscription	BALLET-BLU	Françoise	F	09/03/1964	31	Profession libérale	25/08/2020
86	Vienne			8602	2Ème Circonscription	HOULIÉ	Sacha	M	08/10/1988	129	Avocat (obsolète)	18/06/2017
86	Vienne			8603	3Ème Circonscription	CLEMENT	Jean-Michel	M	31/10/1954	75	Ancienne profession intermédiaire	18/06/2017
86	Vienne			8604	4Ème Circonscription	TURQUOIS	Nicolas	M	26/07/1972	13	Agriculteur sur grande exploitation	18/06/2017
87	Haute-Vienne			8701	1Ère Circonscription	BEAUDOUIN-HUBIERE	Sophie	F	20/11/1972	157	Sans profession déclarée (obsolète)	18/06/2017
87	Haute-Vienne			8702	2Ème Circonscription	VENTEAU	Pierre	M	26/08/1974	101	Agriculteur propriétaire exploit. (obsolète)	04/10/2019
87	Haute-Vienne			8703	3Ème Circonscription	MAGNE	Marie-Ange	F	20/11/1987	85	Personne diverse sans activité professionnelle de moins de 60 ans (sauf retraité)	18/06/2017
88	Vosges			8801	1Ère Circonscription	VIRY	Stéphane	M	14/10/1969	31	Profession libérale	18/06/2017
88	Vosges			8802	2Ème Circonscription	CHERPION	Gérard	M	15/03/1948	160	Retraité des professions libérales (obsolète)	18/06/2017
88	Vosges			8803	3Ème Circonscription	NAEGELEN	Christophe	M	30/12/1983	23	Chef d'entreprise de 10 salariés ou plus	18/06/2017
88	Vosges			8804	4Ème Circonscription	GAULTIER	Jean-Jacques	M	13/07/1963	31	Profession libérale	18/06/2017
89	Yonne			8901	1Ère Circonscription	LARRIVE	Guillaume	M	24/01/1977	146	Grands corps de l'état (obsolète)	18/06/2017
89	Yonne			8902	2Ème Circonscription	VILLIERS	André	M	13/12/1954	13	Agriculteur sur grande exploitation	18/06/2017
89	Yonne			8903	3Ème Circonscription	CROUZET	Michèle	F	31/08/1967	105	Industriel-Chef entreprise (obsolète)	18/06/2017
90	Territoire De Belfort			9001	1Ère Circonscription	BOUCARD	Ian	M	05/05/1988	37	Cadre administratif et commercial d'entreprise	05/02/2018
90	Territoire De Belfort			9002	2Ème Circonscription	ZUMKELLER	Michel	M	21/01/1966	85	Personne diverse sans activité professionnelle de moins de 60 ans (sauf retraité)	18/06/2017
91	Essonne			9101	1Ère Circonscription	CHOUAT	Francis	M	20/12/1948	74	Ancien cadre	25/11/2018
91	Essonne			9102	2Ème Circonscription	BOULEY	Bernard	M	11/07/1950	23	Chef d'entreprise de 10 salariés ou plus	05/08/2020
91	Essonne			9103	3Ème Circonscription	ROMEIRO DIAS	Laëtitia	F	15/01/1981	119	Autre cadre (secteur privé) (obsolète)	18/06/2017
91	Essonne			9104	4Ème Circonscription	RIXAIN	Marie-Pierre	F	18/01/1977	139	Autre profession libérale (obsolète)	18/06/2017
91	Essonne			9105	5Ème Circonscription	VILLANI	Cédric	M	05/10/1973	56	Personnel des services directs aux particuliers	18/06/2017
91	Essonne			9106	6Ème Circonscription	ATGER	Stéphanie	F	11/10/1975	147	Fonctionnaire de catégorie A (obsolète)	02/05/2019
91	Essonne			9107	7Ème Circonscription	REDA	Robin	M	10/05/1991	33	Cadre de la fonction publique	18/06/2017
91	Essonne			9108	8Ème Circonscription	DUPONT-AIGNAN	Nicolas	M	07/03/1961	33	Cadre de la fonction publique	18/06/2017
91	Essonne			9109	9Ème Circonscription	GUÉVENOUX	Marie	F	02/11/1976	157	Sans profession déclarée (obsolète)	18/06/2017
91	Essonne			9110	10Ème Circonscription	RAPHAN	Pierre-Alain	M	06/04/1983	139	Autre profession libérale (obsolète)	18/06/2017
92	Hauts-De-Seine			9201	1Ère Circonscription	FAUCILLON	Elsa	F	06/08/1981	120	Employé (secteur privé) (obsolète)	18/06/2017
92	Hauts-De-Seine			9202	2Ème Circonscription	PÉTELLE	Bénédicte	F	04/06/1971	143	Enseignant 1er deg.-directeur école (obsolète)	26/02/2019
92	Hauts-De-Seine			9203	3Ème Circonscription	HENNION	Christine	F	23/08/1955	74	Ancien cadre	18/06/2017
92	Hauts-De-Seine			9204	4Ème Circonscription	FLORENNES	Isabelle	F	02/08/1967	33	Cadre de la fonction publique	18/06/2017
92	Hauts-De-Seine			9205	5Ème Circonscription	CALVEZ	Céline	F	24/07/1979	139	Autre profession libérale (obsolète)	18/06/2017
92	Hauts-De-Seine			9206	6Ème Circonscription	LE GRIP	Constance	F	14/11/1960	33	Cadre de la fonction publique	18/06/2017
92	Hauts-De-Seine			9207	7Ème Circonscription	MARILOSSIAN	Jacques	M	26/07/1958	118	Cadre supérieur (secteur privé) (obsolète)	18/06/2017
92	Hauts-De-Seine			9208	8Ème Circonscription	MAIRE	Jacques	M	04/04/1962	147	Fonctionnaire de catégorie A (obsolète)	18/06/2017
92	Hauts-De-Seine			9209	9Ème Circonscription	SOLERE	Thierry	M	17/08/1971	33	Cadre de la fonction publique	18/06/2017
92	Hauts-De-Seine			9210	10Ème Circonscription	PROVENDIER	Florence	F	28/10/1965	157	Sans profession déclarée (obsolète)	18/06/2017
92	Hauts-De-Seine			9211	11Ème Circonscription	ROSSI	Laurianne	F	18/05/1984	74	Ancien cadre	18/06/2017
92	Hauts-De-Seine			9212	12Ème Circonscription	BOURLANGES	Jean-Louis	M	13/07/1946	163	Retraité fonct.publique (sf enseig.) (obsolète)	18/06/2017
92	Hauts-De-Seine			9213	13Ème Circonscription	DUMAS	Frédérique	F	18/05/1963	105	Industriel-Chef entreprise (obsolète)	18/06/2017
93	Seine-Saint-Denis			9301	1Ère Circonscription	COQUEREL	Eric	M	30/12/1958	105	Industriel-Chef entreprise (obsolète)	18/06/2017
93	Seine-Saint-Denis			9302	2Ème Circonscription	PEU	Stéphane	M	24/07/1962	54	Employé administratif d'entreprise	18/06/2017
93	Seine-Saint-Denis			9303	3Ème Circonscription	ANATO	Patrice	M	14/03/1976	119	Autre cadre (secteur privé) (obsolète)	18/06/2017
93	Seine-Saint-Denis			9304	4Ème Circonscription	BUFFET	Marie-George	F	07/05/1949	154	Permanent politique (obsolète)	18/06/2017
93	Seine-Saint-Denis			9305	5Ème Circonscription	LAGARDE	Jean-Christophe	M	24/10/1967	33	Cadre de la fonction publique	18/06/2017
93	Seine-Saint-Denis			9306	6Ème Circonscription	LACHAUD	Bastien	M	05/08/1980	142	Professeur du secondaire et techn. (obsolète)	18/06/2017
93	Seine-Saint-Denis			9307	7Ème Circonscription	CORBIERE	Alexis	M	17/08/1968	142	Professeur du secondaire et techn. (obsolète)	18/06/2017
93	Seine-Saint-Denis			9308	8Ème Circonscription	CHARRIÈRE	Sylvie	F	15/05/1961	147	Fonctionnaire de catégorie A (obsolète)	18/06/2017
93	Seine-Saint-Denis			9309	9Ème Circonscription	RUBIN	Sabine	F	13/08/1960	147	Fonctionnaire de catégorie A (obsolète)	18/06/2017
93	Seine-Saint-Denis			9310	10Ème Circonscription	RAMADIER	Alain	M	08/07/1958	74	Ancien cadre	18/06/2017
93	Seine-Saint-Denis			9311	11Ème Circonscription	AUTAIN	Clémentine	F	26/05/1973	33	Cadre de la fonction publique	18/06/2017
93	Seine-Saint-Denis			9312	12Ème Circonscription	TESTE	Stéphane	M	10/05/1968	42	Professeur des écoles, instituteur et assimilé	18/06/2017
94	Val-De-Marne			9401	1Ère Circonscription	DESCROZAILLE	Frédéric	M	16/04/1967	119	Autre cadre (secteur privé) (obsolète)	18/06/2017
94	Val-De-Marne			9402	2Ème Circonscription	MBAYE	Jean-François	M	01/01/1979	151	Cadre (entreprises publiques) (obsolète)	18/06/2017
94	Val-De-Marne			9403	3Ème Circonscription	SAINT-MARTIN	Laurent	M	22/06/1985	33	Cadre de la fonction publique	18/06/2017
94	Val-De-Marne			9404	4Ème Circonscription	PETIT	Maud	F	15/11/1971	120	Employé (secteur privé) (obsolète)	18/06/2017
94	Val-De-Marne			9405	5Ème Circonscription	CARREZ	Gilles	M	29/08/1948	33	Cadre de la fonction publique	18/06/2017
94	Val-De-Marne			9406	6Ème Circonscription	GOUFFIER-CHA	Guillaume	M	01/02/1986	156	Autre profession (obsolète)	18/06/2017
94	Val-De-Marne			9407	7Ème Circonscription	BRIDEY	Jean-Jacques	M	07/05/1953	118	Cadre supérieur (secteur privé) (obsolète)	18/06/2017
94	Val-De-Marne			9408	8Ème Circonscription	HERBILLON	Michel	M	06/03/1951	86	Personne diverse sans activité professionnelle de 60 ans et plus (sauf retraité)	18/06/2017
94	Val-De-Marne			9409	9Ème Circonscription	SANTIAGO	Isabelle	F	20/09/1965	33	Cadre de la fonction publique	28/09/2020
94	Val-De-Marne			9410	10Ème Circonscription	PANOT	Mathilde	F	15/01/1989	118	Cadre supérieur (secteur privé) (obsolète)	18/06/2017
94	Val-De-Marne			9411	11Ème Circonscription	GAILLOT	Albane	F	07/07/1971	119	Autre cadre (secteur privé) (obsolète)	18/06/2017
95	Val-D'Oise			9501	1Ère Circonscription	SAVIGNAT	Antoine	M	22/07/1975	129	Avocat (obsolète)	05/02/2018
95	Val-D'Oise			9502	2Ème Circonscription	VUILLETET	Guillaume	M	20/06/1967	118	Cadre supérieur (secteur privé) (obsolète)	18/06/2017
95	Val-D'Oise			9503	3Ème Circonscription	RILHAC	Cecile	F	21/04/1974	33	Cadre de la fonction publique	18/06/2017
95	Val-D'Oise			9504	4Ème Circonscription	MOUTCHOU	Naïma	F	04/11/1980	129	Avocat (obsolète)	18/06/2017
95	Val-D'Oise			9505	5Ème Circonscription	LAZAAR	Fiona	F	19/09/1985	119	Autre cadre (secteur privé) (obsolète)	18/06/2017
95	Val-D'Oise			9506	6Ème Circonscription	CORCEIRO	David	M	03/08/1977	37	Cadre administratif et commercial d'entreprise	27/08/2020
95	Val-D'Oise			9507	7Ème Circonscription	DA SILVA	Dominique	M	30/06/1968	105	Industriel-Chef entreprise (obsolète)	18/06/2017
95	Val-D'Oise			9508	8Ème Circonscription	PUPPONI	François	M	31/07/1962	33	Cadre de la fonction publique	18/06/2017
95	Val-D'Oise			9509	9Ème Circonscription	PARK	Zivka	F	22/01/1985	119	Autre cadre (secteur privé) (obsolète)	18/06/2017
95	Val-D'Oise			9510	10Ème Circonscription	TACHE	Aurélien	M	26/05/1984	147	Fonctionnaire de catégorie A (obsolète)	18/06/2017
971	Guadeloupe			97101	1Ère Circonscription	SERVA	Olivier	M	21/06/1974	31	Profession libérale	18/06/2017
971	Guadeloupe			97102	2Ème Circonscription	BENIN	Justine	F	12/03/1975	52	Employé civil et agent de service de la fonction publique	18/06/2017
971	Guadeloupe			97103	3Ème Circonscription	MATHIASIN	Max	M	24/02/1956	152	Employé (autres entrep. publiques) (obsolète)	18/06/2017
971	Guadeloupe			97104	4Ème Circonscription	VAINQUEUR CHRISTOPHE	Hélène	F	06/05/1956	31	Profession libérale	18/06/2017
974	La Réunion			97401	1Ère Circonscription	NAILLET	Philippe	M	14/08/1960	23	Chef d'entreprise de 10 salariés ou plus	14/07/2020
974	La Réunion			97402	2Ème Circonscription	LEBON	Karine	F	09/06/1985	42	Professeur des écoles, instituteur et assimilé	28/09/2020
974	La Réunion			97403	3Ème Circonscription	BASSIRE	Nathalie	F	22/01/1968	75	Ancienne profession intermédiaire	18/06/2017
974	La Réunion			97404	4Ème Circonscription	LORION	David	M	15/10/1964	34	Professeur, profession scientifique	18/06/2017
974	La Réunion			97405	5Ème Circonscription	RATENON	Jean-Hugues	M	25/06/1967	85	Personne diverse sans activité professionnelle de moins de 60 ans (sauf retraité)	18/06/2017
974	La Réunion			97406	6Ème Circonscription	RAMASSAMY	Nadia	F	17/05/1961	31	Profession libérale	18/06/2017
974	La Réunion			97407	7Ème Circonscription	POUDROUX	Jean-Luc	M	28/09/1950	162	Retraité de l'enseignement (obsolète)	01/10/2018
976	Mayotte			97601	1Ère Circonscription	ALI	Ramlati	F	28/05/1961	124	Médecin (obsolète)	25/03/2018
976	Mayotte			97602	2Ème Circonscription	KAMARDINE	Mansour	M	23/03/1959	31	Profession libérale	18/06/2017
ZZ	Français Établis Hors De France			ZZ01	1Ère Circonscription	LESCURE	Roland	M	26/11/1966	118	Cadre supérieur (secteur privé) (obsolète)	18/06/2017
ZZ	Français Établis Hors De France			ZZ02	2Ème Circonscription	FORTEZA	Paula	F	08/08/1986	118	Cadre supérieur (secteur privé) (obsolète)	18/06/2017
ZZ	Français Établis Hors De France			ZZ03	3Ème Circonscription	HOLROYD	Alexandre	M	17/05/1987	157	Sans profession déclarée (obsolète)	18/06/2017
ZZ	Français Établis Hors De France			ZZ04	4Ème Circonscription	ANGLADE	Pieyre-Alexandre	M	02/11/1986	156	Autre profession (obsolète)	18/06/2017
ZZ	Français Établis Hors De France			ZZ05	5Ème Circonscription	VOJETTA	Stéphane	M	19/07/1974	23	Chef d'entreprise de 10 salariés ou plus	26/09/2021
ZZ	Français Établis Hors De France			ZZ06	6Ème Circonscription	SON-FORGET	Joachim	M	15/04/1983	31	Profession libérale	18/06/2017
ZZ	Français Établis Hors De France			ZZ07	7Ème Circonscription	PETIT	Frédéric	M	10/02/1961	113	Ingénieur (obsolète)	18/06/2017
ZZ	Français Établis Hors De France			ZZ08	8Ème Circonscription	HABIB	Meyer	M	28/04/1961	105	Industriel-Chef entreprise (obsolète)	18/06/2017
ZZ	Français Établis Hors De France			ZZ09	9Ème Circonscription	EL GUERRAB	M'Jid	M	25/04/1983	119	Autre cadre (secteur privé) (obsolète)	18/06/2017
ZZ	Français Établis Hors De France			ZZ10	10Ème Circonscription	LAKRAFI	Amal Amélia	F	20/03/1978	105	Industriel-Chef entreprise (obsolète)	18/06/2017
ZZ	Français Établis Hors De France			ZZ11	11Ème Circonscription	GENETET	Anne	F	20/04/1963	31	Profession libérale	18/06/2017
		972	Martinique	97201	1Ère Circonscription	MANIN	Josette	F	16/03/1950	161	Retraité salarié privé (obsolète)	18/06/2017
		972	Martinique	97202	2Ème Circonscription	MONDESIR-KECLARD	Manuela	F	06/05/1971	148	Fonctionnaire de catégorie B (obsolète)	24/04/2018
		972	Martinique	97204	4Ème Circonscription	NILOR	Jean-Philippe	M	15/05/1965	85	Personne diverse sans activité professionnelle de moins de 60 ans (sauf retraité)	18/06/2017
		973	Guyane	97302	2Ème Circonscription	ADAM	Lenaïck	M	19/02/1992	22	Commerçant et assimilé	11/03/2018
		975	Saint-Pierre-Et-Miquelon	97501	Saint-Pierre-Et-Miquelon	CLAIREAUX	Stéphane	M	23/06/1964	105	Industriel-Chef entreprise (obsolète)	18/06/2017
		986	Wallis Et Futuna	98601	1Ère Circonscription	BRIAL	Sylvain	M	16/09/1964	111	Entrepreneur en batiments (obsolète)	15/04/2018
		987	Polynésie Française	98701	1Ère Circonscription	SAGE	Maina	F	10/05/1975	156	Autre profession (obsolète)	18/06/2017
		987	Polynésie Française	98702	2Ème Circonscription	SANQUER	Nicole	F	16/06/1972	42	Professeur des écoles, instituteur et assimilé	18/06/2017
		987	Polynésie Française	98703	3Ème Circonscription	BROTHERSON	Moetai	M	22/10/1969	120	Employé (secteur privé) (obsolète)	18/06/2017
		988	Nouvelle-Calédonie	98801	1Ère Circonscription	DUNOYER	Philippe	M	11/01/1968	147	Fonctionnaire de catégorie A (obsolète)	18/06/2017
		988	Nouvelle-Calédonie	98802	2Ème Circonscription	GOMES	Philippe	M	27/10/1958	154	Permanent politique (obsolète)	18/06/2017
		ZX	Saint-Martin / Saint-Barthélémy	97701	1Ère Circonscription	GUION-FIRMIN	Claire	F	06/09/1957	37	Cadre administratif et commercial d'entreprise	18/06/2017
